Date,Time,Solar production (kW),Storage production (kW),Load Consumption (kW),Import from grid (kW)
9/28/2025,0:00,0.00,21.00,6.00,0.00
9/28/2025,0:05,0.00,21.00,3.00,0.00
9/28/2025,0:10,0.00,21.00,6.00,0.00
9/28/2025,0:15,0.00,21.00,5.00,0.00
9/28/2025,0:20,0.00,21.00,6.00,0.00
9/28/2025,0:25,0.00,21.00,6.00,0.00
9/28/2025,0:30,0.00,21.00,6.00,0.00
9/28/2025,0:35,0.00,21.00,5.00,0.00
9/28/2025,0:40,0.00,21.00,7.00,0.00
9/28/2025,0:45,0.00,21.00,7.00,0.00
9/28/2025,0:50,0.00,21.00,5.00,0.00
9/28/2025,0:55,0.00,21.00,5.00,0.00
9/28/2025,1:00,0.00,21.00,6.00,0.00
9/28/2025,1:05,0.00,21.00,6.00,0.00
9/28/2025,1:10,0.00,21.00,5.00,0.00
9/28/2025,1:15,0.00,21.00,5.00,0.00
9/28/2025,1:20,0.00,21.00,5.00,0.00
9/28/2025,1:25,0.00,21.00,6.00,0.00
9/28/2025,1:30,0.00,21.00,5.00,0.00
9/28/2025,1:35,0.00,21.00,6.00,0.00
9/28/2025,1:40,0.00,21.00,6.00,0.00
9/28/2025,1:45,0.00,14.00,4.00,0.00
9/28/2025,2:00,0.00,21.00,6.00,0.00
9/28/2025,2:05,0.00,21.00,5.00,0.00
9/28/2025,2:10,0.00,21.00,7.00,0.00
9/28/2025,2:15,0.00,21.00,6.00,0.00
9/28/2025,2:20,0.00,21.00,7.00,0.00
9/28/2025,2:25,0.00,21.00,6.00,0.00
9/28/2025,2:30,0.00,21.00,6.00,0.00
9/28/2025,2:35,0.00,21.00,5.00,0.00
9/28/2025,2:40,0.00,21.00,8.00,0.00
9/28/2025,2:45,0.00,21.00,6.00,0.00
9/28/2025,2:50,0.00,21.00,5.00,0.00
9/28/2025,2:55,0.00,21.00,6.00,0.00
9/28/2025,3:00,0.00,21.00,6.00,0.00
9/28/2025,3:05,0.00,21.00,5.00,0.00
9/28/2025,3:10,0.00,21.00,6.00,0.00
9/28/2025,3:15,0.00,21.00,5.00,0.00
9/28/2025,3:20,0.00,21.00,6.00,0.00
9/28/2025,3:25,0.00,21.00,7.00,0.00
9/28/2025,3:30,0.00,21.00,7.00,0.00
9/28/2025,3:35,0.00,21.00,6.00,0.00
9/28/2025,3:40,0.00,21.00,7.00,0.00
9/28/2025,3:45,0.00,21.00,6.00,0.00
9/28/2025,3:50,0.00,21.00,6.00,0.00
9/28/2025,3:55,0.00,21.00,6.00,0.00
9/28/2025,4:00,0.00,21.00,7.00,0.00
9/28/2025,4:05,0.00,21.00,7.00,0.00
9/28/2025,4:10,0.00,10.50,2.50,0.00
9/28/2025,4:15,0.00,21.00,5.00,0.00
9/28/2025,4:20,0.00,21.00,7.00,0.00
9/28/2025,4:25,0.00,21.00,5.00,0.00
9/28/2025,4:30,0.00,21.00,6.00,0.00
9/28/2025,4:35,0.00,21.00,5.00,0.00
9/28/2025,4:40,0.00,10.50,3.00,0.00
9/28/2025,4:45,0.00,21.00,6.00,0.00
9/28/2025,4:50,0.00,21.00,5.00,0.00
9/28/2025,4:55,0.00,21.00,4.00,0.00
9/28/2025,5:00,0.00,21.00,7.00,0.00
9/28/2025,5:05,0.00,21.00,7.00,0.00
9/28/2025,5:10,0.00,21.00,5.00,0.00
9/28/2025,5:15,0.00,21.00,7.00,0.00
9/28/2025,5:20,0.00,21.00,7.00,0.00
9/28/2025,5:25,0.00,21.00,6.00,0.00
9/28/2025,5:30,0.00,21.00,6.00,0.00
9/28/2025,5:35,0.00,21.00,7.00,0.00
9/28/2025,5:40,0.00,21.00,6.00,0.00
9/28/2025,5:45,0.00,21.00,6.00,0.00
9/28/2025,5:50,0.00,21.00,6.00,0.00
9/28/2025,5:55,0.00,21.00,6.00,0.00
9/28/2025,6:00,0.00,21.00,7.00,0.00
9/28/2025,6:05,0.00,21.00,5.00,0.00
9/28/2025,6:10,0.00,21.00,7.00,0.00
9/28/2025,6:15,0.00,21.00,8.00,0.00
9/28/2025,6:20,0.00,21.00,7.00,0.00
9/28/2025,6:25,0.00,21.00,5.00,0.00
9/28/2025,6:30,0.00,21.00,7.00,0.00
9/28/2025,6:35,5.00,5.00,6.00,0.00
9/28/2025,6:40,8.00,0.00,6.00,0.00
9/28/2025,6:45,23.00,0.00,6.00,0.00
9/28/2025,6:50,28.00,0.00,6.00,0.00
9/28/2025,6:55,31.00,0.00,5.00,0.00
9/28/2025,7:00,51.00,0.00,4.00,0.00
9/28/2025,7:05,73.00,0.00,6.00,0.00
9/28/2025,7:10,81.00,0.00,5.00,0.00
9/28/2025,7:15,91.00,0.00,8.00,0.00
9/28/2025,7:20,97.00,0.00,5.00,0.00
9/28/2025,7:25,121.00,0.00,4.00,0.00
9/28/2025,7:30,111.00,0.00,6.00,0.00
9/28/2025,7:35,120.00,0.00,4.00,0.00
9/28/2025,7:40,173.00,0.00,6.00,0.00
9/28/2025,7:45,201.00,0.00,6.00,0.00
9/28/2025,7:50,191.00,0.00,5.00,0.00
9/28/2025,7:55,227.00,0.00,4.00,0.00
9/28/2025,8:00,342.00,0.00,6.00,0.00
9/28/2025,8:05,538.00,0.00,4.00,0.00
9/28/2025,8:10,394.00,0.00,4.00,0.00
9/28/2025,8:15,486.00,0.00,6.00,0.00
9/28/2025,8:20,591.00,0.00,5.00,0.00
9/28/2025,8:25,633.00,0.00,5.00,0.00
9/28/2025,8:30,580.00,0.00,5.00,0.00
9/28/2025,8:35,421.00,0.00,4.00,0.00
9/28/2025,8:40,342.00,0.00,5.00,0.00
9/28/2025,8:45,359.00,0.00,7.00,0.00
9/28/2025,8:50,321.00,0.00,5.00,0.00
9/28/2025,8:55,395.00,0.00,6.00,0.00
9/28/2025,9:00,521.00,0.00,5.00,0.00
9/28/2025,9:05,770.00,0.00,5.00,0.00
9/28/2025,9:10,749.00,0.00,4.00,0.00
9/28/2025,9:15,537.00,0.00,6.00,0.00
9/28/2025,9:25,299.50,0.00,3.00,0.00
9/28/2025,9:30,747.00,0.00,5.00,0.00
9/28/2025,9:35,574.00,0.00,6.00,0.00
9/28/2025,9:40,510.00,0.00,7.00,0.00
9/28/2025,9:45,357.00,0.00,5.00,0.00
9/28/2025,9:50,478.00,0.00,5.00,0.00
9/28/2025,9:55,508.00,0.00,5.00,0.00
9/28/2025,10:00,688.00,0.00,6.00,0.00
9/28/2025,10:05,38.00,0.00,4.00,0.00
9/28/2025,10:10,302.00,0.00,279.00,0.00
9/28/2025,10:15,211.00,0.00,201.00,0.00
9/28/2025,10:20,412.00,0.00,389.00,0.00
9/28/2025,10:25,422.00,0.00,383.00,0.00
9/28/2025,10:30,189.50,0.00,191.50,0.00
9/28/2025,10:35,395.00,0.00,537.00,0.00
9/28/2025,10:40,636.00,0.00,387.00,0.00
9/28/2025,10:45,415.00,0.00,390.00,0.00
9/28/2025,10:50,717.00,0.00,384.00,0.00
9/28/2025,10:55,415.00,0.00,400.00,0.00
9/28/2025,11:00,689.00,0.00,371.00,0.00
9/28/2025,11:05,505.00,0.00,380.00,0.00
9/28/2025,11:10,570.00,0.00,542.00,0.00
9/28/2025,11:15,418.00,0.00,403.00,0.00
9/28/2025,11:20,607.00,0.00,580.00,0.00
9/28/2025,11:25,329.00,0.00,321.00,0.00
9/28/2025,11:30,506.00,0.00,478.00,0.00
9/28/2025,11:35,329.00,0.00,330.00,0.00
9/28/2025,11:40,348.00,0.00,316.00,0.00
9/28/2025,11:45,357.00,0.00,325.00,0.00
9/28/2025,11:50,338.00,0.00,303.00,0.00
9/28/2025,11:55,338.00,0.00,324.00,0.00
9/28/2025,12:00,338.00,0.00,321.00,0.00
9/28/2025,12:05,324.00,0.00,310.00,0.00
9/28/2025,12:10,679.00,0.00,306.00,0.00
9/28/2025,12:15,343.00,0.00,308.00,0.00
9/28/2025,12:20,323.00,0.00,306.00,0.00
9/28/2025,12:25,342.00,0.00,308.00,0.00
9/28/2025,12:30,338.00,0.00,301.00,0.00
9/28/2025,12:35,338.00,0.00,464.00,0.00
9/28/2025,12:40,314.00,0.00,303.00,0.00
9/28/2025,12:45,486.00,0.00,473.00,0.00
9/28/2025,12:50,312.00,0.00,298.00,0.00
9/28/2025,12:55,287.00,0.00,274.00,0.00
9/28/2025,13:00,310.00,0.00,296.00,0.00
9/28/2025,13:05,307.00,0.00,297.00,0.00
9/28/2025,13:10,383.00,0.00,366.00,0.00
9/28/2025,13:15,169.00,0.00,163.50,0.00
9/28/2025,13:20,340.00,0.00,327.00,0.00
9/28/2025,13:25,305.00,0.00,293.00,0.00
9/28/2025,13:30,455.00,0.00,452.00,0.00
9/28/2025,13:35,340.00,0.00,330.00,0.00
9/28/2025,13:40,478.00,0.00,461.00,0.00
9/28/2025,13:45,323.00,0.00,307.00,0.00
9/28/2025,13:50,577.00,0.00,314.00,0.00
9/28/2025,13:55,588.00,0.00,310.00,0.00
9/28/2025,14:00,600.00,0.00,356.00,0.00
9/28/2025,14:05,287.00,0.00,285.00,0.00
9/28/2025,14:10,247.00,0.00,214.00,0.00
9/28/2025,14:15,265.00,0.00,237.00,0.00
9/28/2025,14:20,265.00,0.00,233.00,0.00
9/28/2025,14:25,270.00,0.00,236.00,0.00
9/28/2025,14:30,480.00,0.00,235.00,0.00
9/28/2025,14:35,270.00,11.00,283.00,0.00
9/28/2025,14:40,153.00,126.00,280.00,0.00
9/28/2025,14:45,297.00,163.00,464.00,0.00
9/28/2025,14:50,251.00,32.00,298.00,0.00
9/28/2025,14:55,424.00,0.00,431.00,0.00
9/28/2025,15:00,327.00,0.00,312.00,0.00
9/28/2025,15:05,236.00,48.00,301.00,0.00
9/28/2025,15:10,167.00,155.00,332.00,0.00
9/28/2025,15:15,489.00,0.00,499.00,0.00
9/28/2025,15:20,567.00,0.00,324.00,0.00
9/28/2025,15:25,460.00,0.00,306.00,0.00
9/28/2025,15:30,379.00,0.00,209.00,0.00
9/28/2025,15:35,246.00,0.00,142.00,0.00
9/28/2025,15:40,239.00,0.00,135.00,0.00
9/28/2025,15:45,346.00,0.00,130.00,0.00
9/28/2025,15:50,493.00,389.00,904.00,0.00
9/28/2025,15:55,533.00,0.00,126.00,0.00
9/28/2025,16:00,128.00,0.00,121.00,0.00
9/28/2025,16:05,178.00,0.00,135.00,0.00
9/28/2025,16:10,250.00,0.00,210.00,0.00
9/28/2025,16:15,294.00,0.00,275.00,0.00
9/28/2025,16:20,308.00,0.00,274.00,0.00
9/28/2025,16:25,302.00,0.00,267.00,0.00
9/28/2025,16:30,305.00,0.00,282.00,0.00
9/28/2025,16:35,288.00,11.00,325.00,0.00
9/28/2025,16:40,311.00,0.00,274.00,0.00
9/28/2025,16:45,362.00,0.00,308.00,0.00
9/28/2025,16:50,410.00,16.00,389.00,0.00
9/28/2025,16:55,431.00,33.00,400.00,0.00
9/28/2025,17:00,294.00,0.00,276.00,0.00
9/28/2025,17:05,350.00,0.00,325.00,0.00
9/28/2025,17:10,313.00,0.00,283.00,0.00
9/28/2025,17:15,314.00,0.00,269.00,0.00
9/28/2025,17:20,308.00,0.00,260.00,0.00
9/28/2025,17:25,314.00,0.00,255.00,0.00
9/28/2025,17:30,305.00,0.00,280.00,0.00
9/28/2025,17:35,230.00,0.00,212.00,0.00
9/28/2025,17:40,234.00,71.00,309.00,0.00
9/28/2025,17:45,173.00,125.00,304.00,0.00
9/28/2025,17:50,125.00,200.00,324.00,0.00
9/28/2025,17:55,99.00,230.00,322.00,0.00
9/28/2025,18:00,82.00,224.00,296.00,0.00
9/28/2025,18:05,65.00,229.00,302.00,0.00
9/28/2025,18:10,57.00,234.00,294.00,0.00
9/28/2025,18:15,46.00,255.00,291.00,0.00
9/28/2025,18:20,38.00,255.00,278.00,0.00
9/28/2025,18:25,21.00,234.00,236.00,0.00
9/28/2025,18:30,2.00,255.00,234.00,0.00
9/28/2025,18:35,0.00,255.00,229.00,0.00
9/28/2025,18:40,0.00,255.00,228.00,0.00
9/28/2025,18:45,0.00,255.00,227.00,0.00
9/28/2025,18:50,0.00,255.00,228.00,0.00
9/28/2025,18:55,0.00,255.00,229.00,0.00
9/28/2025,19:00,0.00,271.00,237.00,0.00
9/28/2025,19:05,0.00,170.00,143.00,0.00
9/28/2025,19:10,0.00,159.00,134.00,0.00
9/28/2025,19:15,0.00,159.00,135.00,0.00
9/28/2025,19:20,0.00,159.00,136.00,0.00
9/28/2025,19:25,0.00,154.00,134.00,0.00
9/28/2025,19:30,0.00,159.00,134.00,0.00
9/28/2025,19:35,0.00,154.00,133.00,0.00
9/28/2025,19:40,0.00,154.00,133.00,0.00
9/28/2025,19:45,0.00,154.00,135.00,0.00
9/28/2025,19:50,0.00,154.00,132.00,0.00
9/28/2025,19:55,0.00,154.00,132.00,0.00
9/28/2025,20:00,0.00,154.00,132.00,0.00
9/28/2025,20:05,0.00,159.00,132.00,0.00
9/28/2025,20:10,0.00,21.00,6.00,0.00
9/28/2025,20:15,0.00,21.00,7.00,0.00
9/28/2025,20:20,0.00,21.00,6.00,0.00
9/28/2025,20:25,0.00,21.00,6.00,0.00
9/28/2025,20:30,0.00,21.00,6.00,0.00
9/28/2025,20:35,0.00,21.00,6.00,0.00
9/28/2025,20:40,0.00,21.00,6.00,0.00
9/28/2025,20:45,0.00,21.00,6.00,0.00
9/28/2025,20:50,0.00,21.00,4.00,0.00
9/28/2025,20:55,0.00,21.00,6.00,0.00
9/28/2025,21:00,0.00,21.00,6.00,0.00
9/28/2025,21:05,0.00,21.00,6.00,0.00
9/28/2025,21:10,0.00,21.00,6.00,0.00
9/28/2025,21:15,0.00,21.00,6.00,0.00
9/28/2025,21:20,0.00,21.00,5.00,0.00
9/28/2025,21:25,0.00,21.00,7.00,0.00
9/28/2025,21:30,0.00,21.00,8.00,0.00
9/28/2025,21:35,0.00,21.00,6.00,0.00
9/28/2025,21:40,0.00,21.00,6.00,0.00
9/28/2025,21:45,0.00,21.00,6.00,0.00
9/28/2025,21:50,0.00,21.00,6.00,0.00
9/28/2025,22:00,0.00,21.00,6.00,0.00
9/28/2025,22:05,0.00,21.00,7.00,0.00
9/28/2025,22:10,0.00,21.00,6.00,0.00
9/28/2025,22:15,0.00,21.00,8.00,0.00
9/28/2025,22:20,0.00,21.00,5.00,0.00
9/28/2025,22:25,0.00,21.00,6.00,0.00
9/28/2025,22:30,0.00,21.00,7.00,0.00
9/28/2025,22:35,0.00,21.00,6.00,0.00
9/28/2025,22:40,0.00,21.00,7.00,0.00
9/28/2025,22:45,0.00,21.00,6.00,0.00
9/28/2025,22:50,0.00,21.00,6.00,0.00
9/28/2025,22:55,0.00,21.00,6.00,0.00
9/28/2025,23:00,0.00,21.00,6.00,0.00
9/28/2025,23:05,0.00,21.00,7.00,0.00
9/28/2025,23:10,0.00,21.00,6.00,0.00
9/28/2025,23:15,0.00,21.00,6.00,0.00
9/28/2025,23:20,0.00,21.00,7.00,0.00
9/28/2025,23:25,0.00,21.00,5.00,0.00
9/28/2025,23:30,0.00,21.00,5.00,0.00
9/28/2025,23:35,0.00,21.00,6.00,0.00
9/28/2025,23:40,0.00,21.00,5.00,0.00
9/28/2025,23:45,0.00,21.00,4.00,0.00
9/28/2025,23:50,0.00,21.00,6.00,0.00
9/28/2025,23:55,0.00,10.50,2.50,0.00
9/29/2025,0:05,0.00,21.00,8.00,0.00
9/29/2025,0:10,0.00,21.00,5.00,0.00
9/29/2025,0:15,0.00,21.00,5.00,0.00
9/29/2025,0:20,0.00,21.00,7.00,0.00
9/29/2025,0:25,0.00,21.00,5.00,0.00
9/29/2025,0:30,0.00,21.00,6.00,0.00
9/29/2025,0:35,0.00,21.00,6.00,0.00
9/29/2025,0:40,0.00,21.00,7.00,0.00
9/29/2025,0:45,0.00,21.00,6.00,0.00
9/29/2025,0:50,0.00,21.00,5.00,0.00
9/29/2025,0:55,0.00,21.00,6.00,0.00
9/29/2025,1:00,0.00,21.00,6.00,0.00
9/29/2025,1:05,0.00,21.00,6.00,0.00
9/29/2025,1:10,0.00,21.00,5.00,0.00
9/29/2025,1:15,0.00,21.00,6.00,0.00
9/29/2025,1:20,0.00,21.00,5.00,0.00
9/29/2025,1:25,0.00,21.00,6.00,0.00
9/29/2025,1:30,0.00,21.00,7.00,0.00
9/29/2025,1:35,0.00,21.00,5.00,0.00
9/29/2025,1:40,0.00,21.00,6.00,0.00
9/29/2025,1:45,0.00,21.00,4.00,0.00
9/29/2025,1:50,0.00,21.00,5.00,0.00
9/29/2025,1:55,0.00,21.00,6.00,0.00
9/29/2025,2:00,0.00,21.00,9.00,0.00
9/29/2025,2:05,0.00,21.00,8.00,0.00
9/29/2025,2:10,0.00,21.00,7.00,0.00
9/29/2025,2:15,0.00,21.00,6.00,0.00
9/29/2025,2:20,0.00,21.00,6.00,0.00
9/29/2025,2:25,0.00,21.00,6.00,0.00
9/29/2025,2:30,0.00,21.00,6.00,0.00
9/29/2025,2:35,0.00,21.00,6.00,0.00
9/29/2025,2:40,0.00,21.00,6.00,0.00
9/29/2025,2:45,0.00,21.00,5.00,0.00
9/29/2025,2:50,0.00,21.00,7.00,0.00
9/29/2025,2:55,0.00,21.00,6.00,0.00
9/29/2025,3:00,0.00,21.00,9.00,0.00
9/29/2025,3:05,0.00,21.00,6.00,0.00
9/29/2025,3:10,0.00,21.00,6.00,0.00
9/29/2025,3:15,0.00,21.00,5.00,0.00
9/29/2025,3:20,0.00,21.00,7.00,0.00
9/29/2025,3:25,0.00,21.00,5.00,0.00
9/29/2025,3:30,0.00,21.00,5.00,0.00
9/29/2025,3:35,0.00,21.00,6.00,0.00
9/29/2025,3:40,0.00,21.00,6.00,0.00
9/29/2025,3:45,0.00,21.00,6.00,0.00
9/29/2025,3:50,0.00,21.00,5.00,0.00
9/29/2025,3:55,0.00,21.00,5.00,0.00
9/29/2025,4:00,0.00,21.00,7.00,0.00
9/29/2025,4:05,0.00,21.00,5.00,0.00
9/29/2025,4:10,0.00,10.50,4.00,0.00
9/29/2025,4:15,0.00,21.00,5.00,0.00
9/29/2025,4:20,0.00,21.00,7.00,0.00
9/29/2025,4:25,0.00,21.00,6.00,0.00
9/29/2025,4:30,0.00,21.00,5.00,0.00
9/29/2025,4:35,0.00,10.50,3.00,0.00
9/29/2025,4:40,0.00,21.00,6.00,0.00
9/29/2025,4:45,0.00,21.00,5.00,0.00
9/29/2025,4:50,0.00,21.00,6.00,0.00
9/29/2025,4:55,0.00,21.00,6.00,0.00
9/29/2025,5:00,0.00,21.00,6.00,0.00
9/29/2025,5:05,0.00,21.00,4.00,0.00
9/29/2025,5:10,0.00,21.00,6.00,0.00
9/29/2025,5:20,0.00,21.00,7.00,0.00
9/29/2025,5:25,0.00,21.00,6.00,0.00
9/29/2025,5:30,0.00,21.00,5.00,0.00
9/29/2025,5:35,0.00,21.00,6.00,0.00
9/29/2025,5:40,0.00,21.00,6.00,0.00
9/29/2025,5:45,0.00,21.00,6.00,0.00
9/29/2025,5:50,0.00,21.00,6.00,0.00
9/29/2025,5:55,0.00,21.00,7.00,0.00
9/29/2025,6:00,0.00,21.00,6.00,0.00
9/29/2025,6:05,0.00,21.00,6.00,0.00
9/29/2025,6:10,0.00,21.00,6.00,0.00
9/29/2025,6:15,0.00,21.00,6.00,0.00
9/29/2025,6:20,0.00,21.00,5.00,0.00
9/29/2025,6:25,0.00,16.00,6.00,0.00
9/29/2025,6:30,4.00,0.00,6.00,0.00
9/29/2025,6:35,11.00,0.00,5.00,0.00
9/29/2025,6:40,20.00,0.00,7.00,0.00
9/29/2025,6:45,33.00,0.00,7.00,0.00
9/29/2025,6:50,57.00,0.00,5.00,0.00
9/29/2025,6:55,83.00,0.00,7.00,0.00
9/29/2025,7:00,104.00,0.00,5.00,0.00
9/29/2025,7:05,135.00,0.00,5.00,0.00
9/29/2025,7:10,142.00,0.00,3.00,0.00
9/29/2025,7:15,162.00,0.00,5.00,0.00
9/29/2025,7:20,177.00,0.00,4.00,0.00
9/29/2025,7:25,185.00,0.00,5.00,0.00
9/29/2025,7:30,223.00,0.00,4.00,0.00
9/29/2025,7:35,249.00,0.00,3.00,0.00
9/29/2025,7:40,288.00,0.00,4.00,0.00
9/29/2025,7:45,298.00,0.00,4.00,0.00
9/29/2025,7:50,297.00,0.00,207.00,0.00
9/29/2025,7:55,302.00,0.00,191.00,0.00
9/29/2025,8:00,313.00,0.00,156.00,0.00
9/29/2025,8:05,340.00,16.00,375.00,0.00
9/29/2025,8:10,366.00,176.00,551.00,0.00
9/29/2025,8:15,526.00,0.00,510.00,0.00
9/29/2025,8:20,540.00,0.00,557.00,0.00
9/29/2025,8:25,637.00,0.00,628.00,0.00
9/29/2025,8:30,663.00,117.00,773.00,0.00
9/29/2025,8:35,821.00,234.00,1098.00,0.00
9/29/2025,8:40,818.00,223.00,1024.00,0.00
9/29/2025,8:45,837.00,10.00,853.00,0.00
9/29/2025,8:50,705.00,218.00,910.00,0.00
9/29/2025,8:55,754.00,95.00,850.00,0.00
9/29/2025,9:00,823.00,0.00,807.00,0.00
9/29/2025,9:05,908.00,10.00,935.00,0.00
9/29/2025,9:10,899.00,26.00,916.00,0.00
9/29/2025,9:15,994.00,0.00,946.00,0.00
9/29/2025,9:20,537.00,0.00,466.00,0.00
9/29/2025,9:25,1202.00,0.00,964.00,0.00
9/29/2025,9:30,955.00,21.00,968.00,0.00
9/29/2025,9:35,1151.00,0.00,1115.00,0.00
9/29/2025,9:40,887.00,90.00,974.00,0.00
9/29/2025,9:45,736.00,212.00,967.00,0.00
9/29/2025,9:50,691.00,435.00,1116.00,0.00
9/29/2025,9:55,1074.00,0.00,1050.00,0.00
9/29/2025,10:00,1238.00,0.00,1210.00,0.00
9/29/2025,10:05,1013.00,567.00,1084.00,0.00
9/29/2025,10:10,1081.00,69.00,1025.00,0.00
9/29/2025,10:15,1514.00,0.00,1026.00,0.00
9/29/2025,10:20,1062.00,0.00,929.00,0.00
9/29/2025,10:25,1332.00,0.00,914.00,0.00
9/29/2025,10:30,981.00,0.00,983.00,0.00
9/29/2025,10:35,956.00,58.00,1020.00,0.00
9/29/2025,10:40,1382.00,0.00,1097.00,0.00
9/29/2025,10:45,1674.00,0.00,1058.00,0.00
9/29/2025,10:50,1725.00,0.00,988.00,0.00
9/29/2025,10:55,1627.00,0.00,1045.00,0.00
9/29/2025,11:00,1940.00,0.00,1079.00,0.00
9/29/2025,11:05,2019.00,0.00,1093.00,0.00
9/29/2025,11:10,1673.00,0.00,1051.00,0.00
9/29/2025,11:15,1759.00,0.00,1040.00,0.00
9/29/2025,11:20,1731.00,0.00,1021.00,0.00
9/29/2025,11:25,2567.00,0.00,1100.00,0.00
9/29/2025,11:30,1812.00,0.00,1099.00,0.00
9/29/2025,11:35,1671.00,0.00,1135.00,0.00
9/29/2025,11:40,2263.00,0.00,1045.00,0.00
9/29/2025,11:45,2705.00,0.00,1059.00,0.00
9/29/2025,11:50,2544.00,0.00,1163.00,0.00
9/29/2025,11:55,2047.00,0.00,1133.00,0.00
9/29/2025,12:00,3224.00,0.00,1129.00,0.00
9/29/2025,12:05,2036.00,0.00,1146.00,0.00
9/29/2025,12:10,1154.00,0.00,1150.00,0.00
9/29/2025,12:15,1175.00,0.00,1153.00,0.00
9/29/2025,12:20,1165.00,33.00,1169.00,0.00
9/29/2025,12:25,1195.00,88.00,1138.00,0.00
9/29/2025,12:30,1191.00,0.00,1130.00,0.00
9/29/2025,12:35,1209.00,0.00,1173.00,0.00
9/29/2025,12:40,1144.00,0.00,1086.00,0.00
9/29/2025,12:45,1126.00,0.00,1076.00,0.00
9/29/2025,12:50,1136.00,0.00,1065.00,0.00
9/29/2025,12:55,1077.00,0.00,1031.00,0.00
9/29/2025,13:00,1087.00,0.00,1033.00,0.00
9/29/2025,13:05,1116.00,0.00,1064.00,0.00
9/29/2025,13:10,1083.00,0.00,1038.00,0.00
9/29/2025,13:15,1243.00,0.00,1178.00,0.00
9/29/2025,13:20,1265.00,89.00,1887.00,0.00
9/29/2025,13:25,1258.00,77.00,1204.00,0.00
9/29/2025,13:30,1207.00,0.00,1156.00,0.00
9/29/2025,13:35,1928.00,0.00,1161.00,0.00
9/29/2025,13:40,1225.00,0.00,1197.00,0.00
9/29/2025,13:45,1219.00,0.00,1149.00,0.00
9/29/2025,13:50,1224.00,0.00,1167.00,0.00
9/29/2025,13:55,1231.00,0.00,1209.00,0.00
9/29/2025,14:00,1239.00,0.00,1166.00,0.00
9/29/2025,14:05,618.00,0.00,595.00,0.00
9/29/2025,14:10,1234.00,0.00,1170.00,0.00
9/29/2025,14:15,1211.00,0.00,1155.00,0.00
9/29/2025,14:20,1213.00,0.00,1172.00,0.00
9/29/2025,14:25,1193.00,0.00,1163.00,0.00
9/29/2025,14:30,1067.00,132.00,1183.00,0.00
9/29/2025,14:35,1239.00,0.00,1164.00,0.00
9/29/2025,14:40,1269.00,0.00,1218.00,0.00
9/29/2025,14:45,1186.00,0.00,1119.00,0.00
9/29/2025,14:50,1190.00,0.00,1139.00,0.00
9/29/2025,14:55,1179.00,0.00,1146.00,0.00
9/29/2025,15:00,1213.00,0.00,1184.00,0.00
9/29/2025,15:05,1224.00,0.00,1201.00,0.00
9/29/2025,15:10,1164.00,0.00,1137.00,0.00
9/29/2025,15:15,1152.00,0.00,1121.00,0.00
9/29/2025,15:20,1138.00,0.00,1107.00,0.00
9/29/2025,15:25,1191.00,126.00,1160.00,0.00
9/29/2025,15:30,967.00,213.00,1144.00,0.00
9/29/2025,15:35,965.00,195.00,1137.00,0.00
9/29/2025,15:40,1104.00,43.00,1147.00,0.00
9/29/2025,15:45,1041.00,91.00,1118.00,0.00
9/29/2025,15:50,892.00,310.00,1173.00,0.00
9/29/2025,15:55,777.00,441.00,1191.00,0.00
9/29/2025,16:00,703.00,489.00,1171.00,0.00
9/29/2025,16:05,647.00,404.00,1045.00,0.00
9/29/2025,16:10,578.00,542.00,1081.00,0.00
9/29/2025,16:15,525.00,531.00,1035.00,0.00
9/29/2025,16:20,492.00,574.00,1037.00,0.00
9/29/2025,16:25,446.00,658.00,1076.00,0.00
9/29/2025,16:30,408.00,700.00,1067.00,0.00
9/29/2025,16:35,394.00,700.00,1071.00,0.00
9/29/2025,16:40,370.00,732.00,1068.00,0.00
9/29/2025,16:45,457.00,811.00,1233.00,0.00
9/29/2025,16:50,279.00,838.00,1071.00,0.00
9/29/2025,16:55,210.00,901.00,1072.00,0.00
9/29/2025,17:00,236.00,874.00,1071.00,0.00
9/29/2025,17:05,243.00,837.00,1028.00,0.00
9/29/2025,17:10,227.00,858.00,1050.00,0.00
9/29/2025,17:15,243.00,927.00,1129.00,0.00
9/29/2025,17:20,284.00,1843.00,2029.00,0.00
9/29/2025,17:25,284.00,1058.00,1294.00,0.00
9/29/2025,17:30,256.00,883.00,1107.00,0.00
9/29/2025,17:35,217.00,920.00,1103.00,0.00
9/29/2025,17:40,189.00,968.00,1112.00,0.00
9/29/2025,17:45,154.00,1000.00,1111.00,0.00
9/29/2025,17:50,119.00,1016.00,1096.00,0.00
9/29/2025,17:55,182.00,942.00,1100.00,0.00
9/29/2025,18:00,492.00,441.00,901.00,0.00
9/29/2025,18:05,349.00,663.00,1011.00,0.00
9/29/2025,18:10,155.00,911.00,1024.00,0.00
9/29/2025,18:15,215.00,736.00,922.00,0.00
9/29/2025,18:20,12.00,894.00,857.00,0.00
9/29/2025,18:25,0.00,842.00,784.00,0.00
9/29/2025,18:30,1.00,794.00,745.00,0.00
9/29/2025,18:35,0.00,710.00,656.00,0.00
9/29/2025,18:40,0.00,715.00,667.00,0.00
9/29/2025,18:45,0.00,352.00,328.00,0.00
9/29/2025,18:50,0.00,709.00,656.00,0.00
9/29/2025,18:55,0.00,720.00,666.00,0.00
9/29/2025,19:00,0.00,614.00,569.00,0.00
9/29/2025,19:05,0.00,355.00,334.00,0.00
9/29/2025,19:10,0.00,361.00,339.00,0.00
9/29/2025,19:15,0.00,234.00,204.00,0.00
9/29/2025,19:20,0.00,228.00,199.00,0.00
9/29/2025,19:25,0.00,223.00,195.00,0.00
9/29/2025,19:30,0.00,207.00,179.00,0.00
9/29/2025,19:35,0.00,143.00,123.00,0.00
9/29/2025,19:40,0.00,143.00,122.00,0.00
9/29/2025,19:45,0.00,143.00,122.00,0.00
9/29/2025,19:50,0.00,154.00,131.00,0.00
9/29/2025,19:55,0.00,143.00,122.00,0.00
9/29/2025,20:00,0.00,101.00,80.00,0.00
9/29/2025,20:05,0.00,101.00,80.00,0.00
9/29/2025,20:10,0.00,101.00,81.00,0.00
9/29/2025,20:15,0.00,95.00,79.00,0.00
9/29/2025,20:20,0.00,202.00,190.00,0.00
9/29/2025,20:25,0.00,95.00,78.00,0.00
9/29/2025,20:30,0.00,90.00,74.00,0.00
9/29/2025,20:35,0.00,95.00,76.00,0.00
9/29/2025,20:40,0.00,90.00,76.00,0.00
9/29/2025,20:45,0.00,95.00,75.00,0.00
9/29/2025,20:50,0.00,58.00,43.00,0.00
9/29/2025,20:55,0.00,58.00,43.00,0.00
9/29/2025,21:00,0.00,63.00,43.00,0.00
9/29/2025,21:05,0.00,58.00,42.00,0.00
9/29/2025,21:10,0.00,58.00,43.00,0.00
9/29/2025,21:15,0.00,58.00,44.00,0.00
9/29/2025,21:20,0.00,58.00,42.00,0.00
9/29/2025,21:25,0.00,58.00,43.00,0.00
9/29/2025,21:30,0.00,58.00,44.00,0.00
9/29/2025,21:35,0.00,58.00,44.00,0.00
9/29/2025,21:40,0.00,58.00,43.00,0.00
9/29/2025,21:45,0.00,58.00,43.00,0.00
9/29/2025,21:50,0.00,58.00,42.00,0.00
9/29/2025,21:55,0.00,58.00,43.00,0.00
9/29/2025,22:00,0.00,58.00,44.00,0.00
9/29/2025,22:05,0.00,53.00,43.00,0.00
9/29/2025,22:10,0.00,58.00,44.00,0.00
9/29/2025,22:15,0.00,58.00,43.00,0.00
9/29/2025,22:20,0.00,58.00,43.00,0.00
9/29/2025,22:25,0.00,63.00,43.00,0.00
9/29/2025,22:30,0.00,58.00,43.00,0.00
9/29/2025,22:35,0.00,58.00,43.00,0.00
9/29/2025,22:40,0.00,58.00,43.00,0.00
9/29/2025,22:45,0.00,58.00,44.00,0.00
9/29/2025,22:55,0.00,58.00,44.00,0.00
9/29/2025,23:00,0.00,58.00,43.00,0.00
9/29/2025,23:05,0.00,58.00,44.00,0.00
9/29/2025,23:10,0.00,58.00,43.00,0.00
9/29/2025,23:15,0.00,58.00,44.00,0.00
9/29/2025,23:20,0.00,58.00,42.00,0.00
9/29/2025,23:25,0.00,58.00,43.00,0.00
9/29/2025,23:30,0.00,58.00,44.00,0.00
9/29/2025,23:35,0.00,58.00,42.00,0.00
9/29/2025,23:40,0.00,58.00,43.00,0.00
9/29/2025,23:45,0.00,58.00,45.00,0.00
9/29/2025,23:50,0.00,58.00,43.00,0.00
9/29/2025,23:55,0.00,58.00,44.00,0.00
9/30/2025,0:00,0.00,58.00,43.00,0.00
9/30/2025,0:05,0.00,58.00,43.00,0.00
9/30/2025,0:10,0.00,52.00,43.00,0.00
9/30/2025,0:15,0.00,58.00,43.00,0.00
9/30/2025,0:20,0.00,58.00,43.00,0.00
9/30/2025,0:25,0.00,58.00,44.00,0.00
9/30/2025,0:30,0.00,58.00,42.00,0.00
9/30/2025,0:35,0.00,58.00,43.00,0.00
9/30/2025,0:40,0.00,58.00,43.00,0.00
9/30/2025,0:45,0.00,58.00,44.00,0.00
9/30/2025,0:50,0.00,58.00,44.00,0.00
9/30/2025,0:55,0.00,58.00,44.00,0.00
9/30/2025,1:00,0.00,58.00,44.00,0.00
9/30/2025,1:05,0.00,58.00,43.00,0.00
9/30/2025,1:10,0.00,58.00,43.00,0.00
9/30/2025,1:15,0.00,58.00,44.00,0.00
9/30/2025,1:20,0.00,58.00,44.00,0.00
9/30/2025,1:25,0.00,58.00,43.00,0.00
9/30/2025,1:30,0.00,58.00,42.00,0.00
9/30/2025,1:35,0.00,58.00,42.00,0.00
9/30/2025,1:40,0.00,58.00,43.00,0.00
9/30/2025,1:45,0.00,58.00,44.00,0.00
9/30/2025,1:50,0.00,52.00,44.00,0.00
9/30/2025,1:55,0.00,52.00,44.00,0.00
9/30/2025,2:00,0.00,58.00,43.00,0.00
9/30/2025,2:05,0.00,58.00,43.00,0.00
9/30/2025,2:10,0.00,52.00,43.00,0.00
9/30/2025,2:15,0.00,58.00,44.00,0.00
9/30/2025,2:20,0.00,52.00,43.00,0.00
9/30/2025,2:25,0.00,58.00,43.00,0.00
9/30/2025,2:30,0.00,58.00,43.00,0.00
9/30/2025,2:35,0.00,58.00,43.00,0.00
9/30/2025,2:40,0.00,58.00,42.00,0.00
9/30/2025,2:45,0.00,58.00,44.00,0.00
9/30/2025,2:50,0.00,58.00,44.00,0.00
9/30/2025,2:55,0.00,58.00,44.00,0.00
9/30/2025,3:00,0.00,58.00,42.00,0.00
9/30/2025,3:05,0.00,58.00,43.00,0.00
9/30/2025,3:10,0.00,58.00,43.00,0.00
9/30/2025,3:15,0.00,52.00,42.00,0.00
9/30/2025,3:20,0.00,58.00,42.00,0.00
9/30/2025,3:25,0.00,58.00,43.00,0.00
9/30/2025,3:30,0.00,58.00,42.00,0.00
9/30/2025,3:35,0.00,58.00,43.00,0.00
9/30/2025,3:40,0.00,52.00,43.00,0.00
9/30/2025,3:45,0.00,52.00,43.00,0.00
9/30/2025,3:50,0.00,58.00,43.00,0.00
9/30/2025,3:55,0.00,58.00,43.00,0.00
9/30/2025,4:00,0.00,52.00,42.00,0.00
9/30/2025,4:05,0.00,52.00,43.00,0.00
9/30/2025,4:10,0.00,52.00,43.00,0.00
9/30/2025,4:15,0.00,52.00,45.00,0.00
9/30/2025,4:20,0.00,52.00,42.00,0.00
9/30/2025,4:25,0.00,58.00,42.00,0.00
9/30/2025,4:30,0.00,58.00,43.00,0.00
9/30/2025,4:35,0.00,58.00,43.00,0.00
9/30/2025,4:40,0.00,58.00,43.00,0.00
9/30/2025,4:45,0.00,58.00,44.00,0.00
9/30/2025,4:50,0.00,52.00,44.00,0.00
9/30/2025,4:55,0.00,52.00,43.00,0.00
9/30/2025,5:00,0.00,58.00,43.00,0.00
9/30/2025,5:05,0.00,52.00,44.00,0.00
9/30/2025,5:10,0.00,29.00,22.00,0.00
9/30/2025,5:15,0.00,52.00,43.00,0.00
9/30/2025,5:20,0.00,52.00,43.00,0.00
9/30/2025,5:25,0.00,52.00,42.00,0.00
9/30/2025,5:30,0.00,52.00,44.00,0.00
9/30/2025,5:35,0.00,52.00,42.00,0.00
9/30/2025,5:40,0.00,52.00,43.00,0.00
9/30/2025,5:45,0.00,52.00,44.00,0.00
9/30/2025,5:50,0.00,52.00,43.00,0.00
9/30/2025,5:55,0.00,57.00,43.00,0.00
9/30/2025,6:00,0.00,52.00,43.00,0.00
9/30/2025,6:05,0.00,52.00,43.00,0.00
9/30/2025,6:10,0.00,57.00,43.00,0.00
9/30/2025,6:15,0.00,57.00,44.00,0.00
9/30/2025,6:20,0.00,52.00,44.00,0.00
9/30/2025,6:25,0.00,47.00,42.00,0.00
9/30/2025,6:30,0.00,42.00,43.00,0.00
9/30/2025,6:35,4.00,42.00,43.00,0.00
9/30/2025,6:40,16.00,26.00,43.00,0.00
9/30/2025,6:45,21.00,10.00,43.00,0.00
9/30/2025,6:50,32.00,0.00,43.00,0.00
9/30/2025,6:55,60.00,0.00,41.00,0.00
9/30/2025,7:00,92.00,0.00,43.00,0.00
9/30/2025,7:05,88.00,0.00,42.00,0.00
9/30/2025,7:10,102.00,0.00,41.00,0.00
9/30/2025,7:15,116.00,0.00,44.00,0.00
9/30/2025,7:20,115.00,0.00,41.00,0.00
9/30/2025,7:25,107.00,0.00,42.00,0.00
9/30/2025,7:30,137.00,0.00,41.00,0.00
9/30/2025,7:35,144.00,0.00,41.00,0.00
9/30/2025,7:40,166.00,0.00,44.00,0.00
9/30/2025,7:45,140.00,0.00,101.00,0.00
9/30/2025,7:50,215.00,0.00,99.00,0.00
9/30/2025,7:55,248.00,0.00,236.00,0.00
9/30/2025,8:00,292.00,79.00,386.00,0.00
9/30/2025,8:05,322.00,126.00,459.00,0.00
9/30/2025,8:10,353.00,184.00,544.00,0.00
9/30/2025,8:15,397.00,205.00,617.00,0.00
9/30/2025,8:20,472.00,131.00,619.00,0.00
9/30/2025,8:25,544.00,100.00,656.00,0.00
9/30/2025,8:30,496.00,283.00,784.00,0.00
9/30/2025,8:35,602.00,246.00,851.00,0.00
9/30/2025,8:40,468.00,10.00,495.00,0.00
9/30/2025,8:45,623.00,99.00,720.00,0.00
9/30/2025,8:50,727.00,15.00,849.00,0.00
9/30/2025,8:55,715.00,47.00,682.00,0.00
9/30/2025,9:00,694.00,0.00,688.00,0.00
9/30/2025,9:05,740.00,105.00,843.00,0.00
9/30/2025,9:10,816.00,136.00,949.00,0.00
9/30/2025,9:15,791.00,0.00,782.00,0.00
9/30/2025,9:20,910.00,0.00,882.00,0.00
9/30/2025,9:25,885.00,0.00,877.00,0.00
9/30/2025,9:30,957.00,0.00,952.00,0.00
9/30/2025,9:35,928.00,0.00,907.00,0.00
9/30/2025,9:40,907.00,10.00,916.00,0.00
9/30/2025,9:45,875.00,15.00,889.00,0.00
9/30/2025,9:50,1072.00,0.00,1041.00,0.00
9/30/2025,9:55,477.00,44.50,452.00,0.00
9/30/2025,10:00,944.00,5.00,882.00,0.00
9/30/2025,10:05,1045.00,0.00,1017.00,0.00
9/30/2025,10:10,1316.00,0.00,886.00,0.00
9/30/2025,10:15,935.00,15.00,893.00,0.00
9/30/2025,10:20,1186.00,847.00,2403.00,0.00
9/30/2025,10:25,1337.00,31.00,1334.00,0.00
9/30/2025,10:30,1374.00,0.00,1001.00,0.00
9/30/2025,10:35,1242.00,0.00,920.00,0.00
9/30/2025,10:40,1184.00,0.00,930.00,0.00
9/30/2025,10:45,1315.00,0.00,936.00,0.00
9/30/2025,10:50,1479.00,0.00,933.00,0.00
9/30/2025,10:55,1498.00,0.00,1128.00,0.00
9/30/2025,11:00,1456.00,0.00,871.00,0.00
9/30/2025,11:05,1185.00,0.00,861.00,0.00
9/30/2025,11:10,1236.00,0.00,864.00,0.00
9/30/2025,11:15,1366.00,0.00,870.00,0.00
9/30/2025,11:20,1549.00,0.00,881.00,0.00
9/30/2025,11:25,1644.00,0.00,891.00,0.00
9/30/2025,11:30,894.00,0.00,892.00,0.00
9/30/2025,11:35,1211.00,0.00,933.00,0.00
9/30/2025,11:40,977.00,106.00,1056.00,0.00
9/30/2025,11:45,877.00,47.00,915.00,0.00
9/30/2025,11:50,835.00,79.00,903.00,0.00
9/30/2025,11:55,824.00,100.00,909.00,0.00
9/30/2025,12:00,912.00,26.00,916.00,0.00
9/30/2025,12:05,797.00,164.00,946.00,0.00
9/30/2025,12:10,902.00,31.00,926.00,0.00
9/30/2025,12:15,843.00,79.00,918.00,0.00
9/30/2025,12:20,756.00,169.00,907.00,0.00
9/30/2025,12:25,708.00,211.00,912.00,0.00
9/30/2025,12:30,479.00,442.00,910.00,0.00
9/30/2025,12:35,356.00,656.00,982.00,0.00
9/30/2025,12:40,230.00,946.00,1126.00,0.00
9/30/2025,12:45,199.00,1716.00,1818.00,0.00
9/30/2025,12:50,303.00,836.00,1105.00,0.00
9/30/2025,12:55,319.00,826.00,1107.00,0.00
9/30/2025,13:00,340.00,779.00,1083.00,0.00
9/30/2025,13:05,237.00,774.00,981.00,0.00
9/30/2025,13:10,70.00,951.00,967.00,0.00
9/30/2025,13:15,96.00,857.00,896.00,0.00
9/30/2025,13:20,212.00,836.00,1009.00,0.00
9/30/2025,13:25,330.00,701.00,1009.00,0.00
9/30/2025,13:30,333.00,686.00,992.00,0.00
9/30/2025,13:35,247.00,753.00,971.00,0.00
9/30/2025,13:40,221.00,753.00,941.00,0.00
9/30/2025,13:45,266.00,712.00,939.00,0.00
9/30/2025,13:50,321.00,670.00,970.00,0.00
9/30/2025,13:55,536.00,456.00,976.00,0.00
9/30/2025,14:00,815.00,152.00,958.00,0.00
9/30/2025,14:05,891.00,58.00,956.00,0.00
9/30/2025,14:10,934.00,31.00,979.00,0.00
9/30/2025,14:15,1032.00,0.00,986.00,0.00
9/30/2025,14:20,1058.00,21.00,1077.00,0.00
9/30/2025,14:25,1059.00,0.00,1025.00,0.00
9/30/2025,14:30,1033.00,36.00,1054.00,0.00
9/30/2025,14:35,983.00,142.00,1113.00,0.00
9/30/2025,14:40,484.50,60.50,537.50,0.00
9/30/2025,14:45,992.00,68.00,1043.00,0.00
9/30/2025,14:50,1030.00,126.00,1151.00,0.00
9/30/2025,14:55,1087.00,121.00,1195.00,0.00
9/30/2025,15:00,1153.00,57.00,1191.00,0.00
9/30/2025,15:05,1239.00,0.00,1228.00,0.00
9/30/2025,15:10,1117.00,73.00,1208.00,0.00
9/30/2025,15:15,1306.00,0.00,1255.00,0.00
9/30/2025,15:20,1247.00,0.00,1231.00,0.00
9/30/2025,15:25,1237.00,15.00,1232.00,0.00
9/30/2025,15:30,1106.00,110.00,1227.00,0.00
9/30/2025,15:35,1212.00,158.00,1339.00,0.00
9/30/2025,15:40,1159.00,189.00,1325.00,0.00
9/30/2025,15:45,1095.00,263.00,1320.00,0.00
9/30/2025,15:50,832.00,26.00,890.00,0.00
9/30/2025,15:55,847.00,0.00,874.00,0.00
9/30/2025,16:00,897.00,0.00,873.00,0.00
9/30/2025,16:05,914.00,373.00,1272.00,0.00
9/30/2025,16:10,756.00,425.00,1162.00,0.00
9/30/2025,16:15,705.00,403.00,1087.00,0.00
9/30/2025,16:20,660.00,419.00,1061.00,0.00
9/30/2025,16:25,591.00,502.00,1085.00,0.00
9/30/2025,16:30,575.00,647.00,1195.00,0.00
9/30/2025,16:35,527.00,714.00,1215.00,0.00
9/30/2025,16:40,515.00,740.00,1226.00,0.00
9/30/2025,16:45,515.00,625.00,1117.00,0.00
9/30/2025,16:50,504.00,573.00,1058.00,0.00
9/30/2025,16:55,571.00,454.00,1060.00,0.00
9/30/2025,17:00,704.00,438.00,1133.00,0.00
9/30/2025,17:05,598.00,557.00,1129.00,0.00
9/30/2025,17:10,480.00,562.00,1026.00,0.00
9/30/2025,17:15,434.00,773.00,1180.00,0.00
9/30/2025,17:20,457.00,690.00,1119.00,0.00
9/30/2025,17:25,449.00,726.00,1133.00,0.00
9/30/2025,17:30,394.00,761.00,1152.00,0.00
9/30/2025,17:35,373.00,797.00,1128.00,0.00
9/30/2025,17:40,383.00,734.00,1096.00,0.00
9/30/2025,17:45,676.00,430.00,1096.00,0.00
9/30/2025,17:50,347.00,759.00,1093.00,0.00
9/30/2025,17:55,282.00,825.00,1089.00,0.00
9/30/2025,18:00,229.00,845.00,1040.00,0.00
9/30/2025,18:05,128.00,930.00,1020.00,0.00
9/30/2025,18:10,128.00,868.00,961.00,0.00
9/30/2025,18:15,201.00,780.00,961.00,0.00
9/30/2025,18:20,21.00,1657.00,861.00,0.00
9/30/2025,18:25,6.00,711.00,689.00,0.00
9/30/2025,18:30,0.00,690.00,650.00,0.00
9/30/2025,18:35,0.00,719.00,674.00,0.00
9/30/2025,18:40,0.00,683.00,635.00,0.00
9/30/2025,18:45,0.00,657.00,618.00,0.00
9/30/2025,18:50,0.00,343.50,324.00,0.00
9/30/2025,18:55,0.00,672.00,629.00,0.00
9/30/2025,19:00,0.00,661.00,623.00,0.00
9/30/2025,19:05,0.00,514.00,472.00,0.00
9/30/2025,19:10,0.00,387.00,363.00,0.00
9/30/2025,19:15,0.00,291.00,263.00,0.00
9/30/2025,19:20,0.00,229.00,209.00,0.00
9/30/2025,19:25,0.00,224.00,209.00,0.00
9/30/2025,19:30,0.00,219.00,198.00,0.00
9/30/2025,19:35,0.00,102.00,93.00,0.00
9/30/2025,19:40,0.00,102.00,92.00,0.00
9/30/2025,19:45,0.00,102.00,91.00,0.00
9/30/2025,19:50,0.00,143.00,132.00,0.00
9/30/2025,19:55,0.00,137.00,127.00,0.00
9/30/2025,20:00,0.00,81.00,74.00,0.00
9/30/2025,20:05,0.00,81.00,70.00,0.00
9/30/2025,20:10,0.00,81.00,69.00,0.00
9/30/2025,20:15,0.00,81.00,71.00,0.00
9/30/2025,20:20,0.00,81.00,70.00,0.00
9/30/2025,20:25,0.00,198.00,191.00,0.00
9/30/2025,20:30,0.00,203.00,196.00,0.00
9/30/2025,20:35,0.00,81.00,76.00,0.00
9/30/2025,20:40,0.00,86.00,77.00,0.00
9/30/2025,20:45,0.00,50.00,43.00,0.00
9/30/2025,20:50,0.00,50.00,43.00,0.00
9/30/2025,20:55,0.00,50.00,45.00,0.00
9/30/2025,21:00,0.00,50.00,43.00,0.00
9/30/2025,21:05,0.00,50.00,43.00,0.00
9/30/2025,21:10,0.00,50.00,43.00,0.00
9/30/2025,21:15,0.00,50.00,43.00,0.00
9/30/2025,21:20,0.00,50.00,44.00,0.00
9/30/2025,21:25,0.00,55.00,44.00,0.00
9/30/2025,21:30,0.00,50.00,42.00,0.00
9/30/2025,21:35,0.00,55.00,43.00,0.00
9/30/2025,21:40,0.00,54.00,43.00,0.00
9/30/2025,21:45,0.00,49.00,44.00,0.00
9/30/2025,21:50,0.00,49.00,42.00,0.00
9/30/2025,21:55,0.00,49.00,43.00,0.00
9/30/2025,22:00,0.00,54.00,44.00,0.00
9/30/2025,22:05,0.00,49.00,43.00,0.00
9/30/2025,22:10,0.00,49.00,43.00,0.00
9/30/2025,22:15,0.00,49.00,43.00,0.00
9/30/2025,22:20,0.00,49.00,44.00,0.00
9/30/2025,22:25,0.00,49.00,44.00,0.00
9/30/2025,22:30,0.00,49.00,44.00,0.00
9/30/2025,22:35,0.00,53.00,43.00,0.00
9/30/2025,22:40,0.00,53.00,43.00,0.00
9/30/2025,22:45,0.00,48.00,44.00,0.00
9/30/2025,22:50,0.00,53.00,43.00,0.00
9/30/2025,22:55,0.00,48.00,44.00,0.00
9/30/2025,23:00,0.00,48.00,43.00,0.00
9/30/2025,23:05,0.00,48.00,44.00,0.00
9/30/2025,23:10,0.00,53.00,42.00,0.00
9/30/2025,23:15,0.00,48.00,44.00,0.00
9/30/2025,23:20,0.00,48.00,42.00,0.00
9/30/2025,23:25,0.00,52.00,42.00,0.00
9/30/2025,23:30,0.00,52.00,44.00,0.00
9/30/2025,23:35,0.00,52.00,44.00,0.00
9/30/2025,23:40,0.00,52.00,44.00,0.00
9/30/2025,23:45,0.00,52.00,45.00,0.00
9/30/2025,23:50,0.00,51.00,45.00,0.00
10/1/2025,0:00,0.00,51.00,43.00,0.00
10/1/2025,0:05,0.00,51.00,43.00,0.00
10/1/2025,0:10,0.00,51.00,44.00,0.00
10/1/2025,0:15,0.00,51.00,44.00,0.00
10/1/2025,0:20,0.00,50.00,44.00,0.00
10/1/2025,0:25,0.00,50.00,43.00,0.00
10/1/2025,0:30,0.00,50.00,44.00,0.00
10/1/2025,0:35,0.00,50.00,45.00,0.00
10/1/2025,0:40,0.00,49.00,44.00,0.00
10/1/2025,0:45,0.00,49.00,45.00,0.00
10/1/2025,0:50,0.00,49.00,44.00,0.00
10/1/2025,0:55,0.00,48.00,44.00,0.00
10/1/2025,6:25,0.00,0.00,0.00,0.00
10/1/2025,6:30,0.00,0.00,0.00,0.00
10/1/2025,6:35,0.00,0.00,0.00,0.00
10/1/2025,6:40,0.00,0.00,0.00,0.00
10/1/2025,6:45,0.00,0.00,0.00,0.00
10/1/2025,6:50,52.00,0.00,0.00,0.00
10/1/2025,6:55,79.00,0.00,0.00,0.00
10/1/2025,7:00,114.00,0.00,0.00,0.00
10/1/2025,7:05,113.00,0.00,0.00,0.00
10/1/2025,7:10,122.00,0.00,0.00,0.00
10/1/2025,7:15,138.00,0.00,0.00,0.00
10/1/2025,7:20,171.00,0.00,0.00,0.00
10/1/2025,7:30,192.00,0.00,0.00,0.00
10/1/2025,7:35,214.00,0.00,0.00,0.00
10/1/2025,7:40,288.00,0.00,0.00,0.00
10/1/2025,7:45,313.00,0.00,0.00,0.00
10/1/2025,7:50,351.00,0.00,0.00,0.00
10/1/2025,7:55,405.00,0.00,0.00,0.00
10/1/2025,8:00,400.00,0.00,0.00,0.00
10/1/2025,8:05,448.00,0.00,218.00,0.00
10/1/2025,8:10,463.00,59.00,471.00,0.00
10/1/2025,8:15,553.00,0.00,330.00,0.00
10/1/2025,8:20,565.00,0.00,463.00,0.00
10/1/2025,8:25,565.00,0.00,461.00,0.00
10/1/2025,8:30,583.00,40.00,552.00,0.00
10/1/2025,8:35,655.00,30.00,618.00,0.00
10/1/2025,8:40,570.00,20.00,518.00,0.00
10/1/2025,8:45,776.00,0.00,533.00,0.00
10/1/2025,8:50,824.00,0.00,512.00,0.00
10/1/2025,8:55,854.00,0.00,498.00,0.00
10/1/2025,9:00,868.00,0.00,541.00,0.00
10/1/2025,9:05,854.00,0.00,566.00,0.00
10/1/2025,9:10,808.00,0.00,556.00,0.00
10/1/2025,9:15,781.00,0.00,543.00,0.00
10/1/2025,9:20,762.00,0.00,563.00,0.00
10/1/2025,9:25,849.00,0.00,644.00,0.00
10/1/2025,9:30,907.00,0.00,592.00,0.00
10/1/2025,9:35,996.00,0.00,589.00,0.00
10/1/2025,9:40,1049.00,0.00,572.00,0.00
10/1/2025,9:45,1107.00,0.00,587.00,0.00
10/1/2025,9:50,1137.00,0.00,731.00,0.00
10/1/2025,9:55,1174.00,0.00,722.00,0.00
10/1/2025,10:00,1206.00,0.00,730.00,0.00
10/1/2025,10:05,1231.00,0.00,722.00,0.00
10/1/2025,10:10,1252.00,0.00,722.00,0.00
10/1/2025,10:15,1167.00,0.00,717.00,0.00
10/1/2025,10:20,1099.00,0.00,784.00,0.00
10/1/2025,10:25,1061.00,0.00,742.00,0.00
10/1/2025,10:30,1477.00,0.00,758.00,0.00
10/1/2025,10:35,1104.00,0.00,838.00,0.00
10/1/2025,10:40,810.00,77.00,793.00,0.00
10/1/2025,10:45,902.00,25.00,858.00,0.00
10/1/2025,10:50,952.00,46.00,921.00,0.00
10/1/2025,10:55,997.00,20.00,966.00,0.00
10/1/2025,11:00,1219.00,0.00,889.00,0.00
10/1/2025,11:05,1301.00,0.00,895.00,0.00
10/1/2025,11:10,1491.00,0.00,970.00,0.00
10/1/2025,11:15,1058.00,0.00,707.00,0.00
10/1/2025,11:20,731.00,315.00,954.00,0.00
10/1/2025,11:25,708.00,360.00,992.00,0.00
10/1/2025,11:30,483.00,569.00,966.00,0.00
10/1/2025,11:35,458.00,736.00,1099.00,0.00
10/1/2025,11:40,467.00,750.00,983.00,0.00
10/1/2025,11:45,545.00,465.00,930.00,0.00
10/1/2025,11:50,892.00,302.00,1086.00,0.00
10/1/2025,11:55,531.00,490.00,943.00,0.00
10/1/2025,12:00,667.00,337.00,908.00,0.00
10/1/2025,12:05,531.00,15.00,498.00,0.00
10/1/2025,12:10,494.00,0.00,336.00,0.00
10/1/2025,12:15,558.00,0.00,279.00,0.00
10/1/2025,12:20,514.00,0.00,185.00,0.00
10/1/2025,12:25,645.00,0.00,187.00,0.00
10/1/2025,12:30,476.00,0.00,218.00,0.00
10/1/2025,12:35,311.00,0.00,207.00,0.00
10/1/2025,12:40,429.00,0.00,205.00,0.00
10/1/2025,12:45,408.00,0.00,117.00,0.00
10/1/2025,12:50,482.00,0.00,131.00,0.00
10/1/2025,12:55,655.00,0.00,116.00,0.00
10/1/2025,13:00,841.00,0.00,140.00,0.00
10/1/2025,13:05,1213.00,0.00,192.00,0.00
10/1/2025,13:10,1216.00,0.00,208.00,0.00
10/1/2025,13:15,1045.00,0.00,207.00,0.00
10/1/2025,13:20,1166.00,0.00,213.00,0.00
10/1/2025,13:25,1012.00,0.00,203.00,0.00
10/1/2025,13:30,1419.00,0.00,212.00,0.00
10/1/2025,13:35,1432.00,0.00,207.00,0.00
10/1/2025,13:40,1411.00,0.00,202.00,0.00
10/1/2025,13:45,586.00,0.00,144.00,0.00
10/1/2025,13:50,735.00,0.00,157.00,0.00
10/1/2025,13:55,1060.00,0.00,115.00,0.00
10/1/2025,14:00,585.00,0.00,115.00,0.00
10/1/2025,14:05,874.00,0.00,113.00,0.00
10/1/2025,14:10,1052.00,0.00,54.00,0.00
10/1/2025,14:15,639.00,0.00,53.00,0.00
10/1/2025,14:20,523.00,0.00,53.00,0.00
10/1/2025,14:25,917.00,0.00,52.00,0.00
10/1/2025,14:30,2006.00,0.00,53.00,0.00
10/1/2025,14:35,1996.00,0.00,54.00,0.00
10/1/2025,14:40,1695.00,0.00,51.00,0.00
10/1/2025,14:45,1444.00,0.00,51.00,0.00
10/1/2025,14:50,1609.00,0.00,51.00,0.00
10/1/2025,14:55,1859.00,0.00,51.00,0.00
10/1/2025,15:00,360.00,0.00,48.00,0.00
10/1/2025,15:05,137.00,719.00,780.00,0.00
10/1/2025,15:10,16.00,895.00,814.00,0.00
10/1/2025,15:15,18.00,878.00,795.00,0.00
10/1/2025,15:20,18.00,856.00,786.00,0.00
10/1/2025,15:25,56.00,808.00,781.00,0.00
10/1/2025,15:30,107.00,734.00,741.00,0.00
10/1/2025,15:35,155.00,795.00,847.00,0.00
10/1/2025,15:40,17.00,586.00,675.00,0.00
10/1/2025,15:45,152.00,607.00,679.00,0.00
10/1/2025,15:50,92.00,642.00,651.00,0.00
10/1/2025,15:55,132.00,600.00,652.00,0.00
10/1/2025,16:00,141.00,605.00,664.00,0.00
10/1/2025,16:05,487.00,339.00,772.00,0.00
10/1/2025,16:10,408.00,438.00,766.00,0.00
10/1/2025,16:15,195.00,775.00,878.00,0.00
10/1/2025,16:20,252.00,629.00,807.00,0.00
10/1/2025,16:25,515.00,260.00,719.00,0.00
10/1/2025,16:30,695.00,88.00,722.00,0.00
10/1/2025,16:35,840.00,0.00,776.00,0.00
10/1/2025,16:40,507.00,312.00,755.00,0.00
10/1/2025,16:45,643.00,192.00,777.00,0.00
10/1/2025,16:50,518.00,312.00,757.00,0.00
10/1/2025,16:55,895.00,0.00,752.00,0.00
10/1/2025,17:00,425.00,421.00,773.00,0.00
10/1/2025,17:05,189.00,322.00,450.00,0.00
10/1/2025,17:10,181.00,327.00,452.00,0.00
10/1/2025,17:15,111.00,404.00,448.00,0.00
10/1/2025,17:20,163.00,352.00,450.00,0.00
10/1/2025,17:25,146.00,352.00,431.00,0.00
10/1/2025,17:30,68.00,434.00,433.00,0.00
10/1/2025,17:35,50.00,346.00,346.00,0.00
10/1/2025,17:40,43.00,361.00,355.00,0.00
10/1/2025,17:45,53.00,407.00,401.00,0.00
10/1/2025,17:50,33.00,407.00,380.00,0.00
10/1/2025,17:55,33.00,622.00,599.00,0.00
10/1/2025,18:00,32.00,605.00,571.00,0.00
10/1/2025,18:05,13.00,645.00,582.00,0.00
10/1/2025,18:10,10.00,644.00,582.00,0.00
10/1/2025,18:15,16.00,643.00,584.00,0.00
10/1/2025,18:20,8.00,679.00,610.00,0.00
10/1/2025,18:25,5.00,678.00,607.00,0.00
10/1/2025,18:30,0.00,678.00,601.00,0.00
10/1/2025,18:35,0.00,668.00,592.00,0.00
10/1/2025,18:40,0.00,682.00,598.00,0.00
10/1/2025,18:45,0.00,697.00,615.00,0.00
10/1/2025,18:50,0.00,616.00,536.00,0.00
10/1/2025,18:55,0.00,555.00,483.00,0.00
10/1/2025,19:00,0.00,554.00,481.00,0.00
10/1/2025,19:05,0.00,447.00,386.00,0.00
10/1/2025,19:10,0.00,360.00,304.00,0.00
10/1/2025,19:15,0.00,354.00,298.00,0.00
10/1/2025,19:20,0.00,177.00,129.00,0.00
10/1/2025,19:30,0.00,176.00,131.00,0.00
10/1/2025,19:35,0.00,205.00,161.00,0.00
10/1/2025,19:40,0.00,155.00,110.00,0.00
10/1/2025,19:45,0.00,150.00,107.00,0.00
10/1/2025,19:50,0.00,104.00,66.00,0.00
10/1/2025,19:55,0.00,104.00,68.00,0.00
10/1/2025,20:00,0.00,104.00,68.00,0.00
10/1/2025,20:05,0.00,104.00,68.00,0.00
10/1/2025,20:10,0.00,103.00,69.00,0.00
10/1/2025,20:15,0.00,108.00,68.00,0.00
10/1/2025,20:20,0.00,108.00,69.00,0.00
10/1/2025,20:25,0.00,103.00,69.00,0.00
10/1/2025,20:30,0.00,107.00,67.00,0.00
10/1/2025,20:35,0.00,107.00,68.00,0.00
10/1/2025,20:40,0.00,78.00,43.00,0.00
10/1/2025,20:45,0.00,77.00,44.00,0.00
10/1/2025,20:50,0.00,77.00,44.00,0.00
10/1/2025,20:55,0.00,77.00,44.00,0.00
10/1/2025,21:00,0.00,77.00,45.00,0.00
10/1/2025,21:05,0.00,77.00,45.00,0.00
10/1/2025,21:10,0.00,76.00,45.00,0.00
10/1/2025,21:15,0.00,76.00,44.00,0.00
10/1/2025,21:20,0.00,81.00,45.00,0.00
10/1/2025,21:25,0.00,81.00,45.00,0.00
10/1/2025,21:30,0.00,80.00,45.00,0.00
10/1/2025,21:35,0.00,80.00,44.00,0.00
10/1/2025,21:40,0.00,80.00,44.00,0.00
10/1/2025,21:45,0.00,80.00,45.00,0.00
10/1/2025,21:50,0.00,75.00,44.00,0.00
10/1/2025,21:55,0.00,79.00,44.00,0.00
10/1/2025,22:00,0.00,79.00,44.00,0.00
10/1/2025,22:05,0.00,74.00,44.00,0.00
10/1/2025,22:10,0.00,78.00,45.00,0.00
10/1/2025,22:15,0.00,73.00,43.00,0.00
10/1/2025,22:20,0.00,77.00,45.00,0.00
10/1/2025,22:25,0.00,77.00,44.00,0.00
10/1/2025,22:30,0.00,76.00,44.00,0.00
10/1/2025,22:35,0.00,76.00,45.00,0.00
10/1/2025,22:40,0.00,75.00,45.00,0.00
10/1/2025,22:45,0.00,74.00,45.00,0.00
10/1/2025,22:50,0.00,74.00,45.00,0.00
10/2/2025,6:20,0.00,0.00,0.00,0.00
10/2/2025,6:25,0.00,0.00,0.00,0.00
10/2/2025,6:30,0.00,0.00,0.00,0.00
10/2/2025,6:35,0.00,0.00,0.00,0.00
10/2/2025,6:40,0.00,0.00,0.00,0.00
10/2/2025,6:50,1.00,0.00,0.00,0.00
10/2/2025,6:55,47.00,0.00,0.00,0.00
10/2/2025,7:00,0.00,0.00,0.00,0.00
10/2/2025,7:05,98.00,0.00,0.00,0.00
10/2/2025,7:10,112.00,0.00,0.00,0.00
10/2/2025,7:15,137.00,0.00,0.00,0.00
10/2/2025,7:20,158.00,0.00,0.00,0.00
10/2/2025,7:25,199.00,0.00,0.00,0.00
10/2/2025,7:30,241.00,0.00,0.00,0.00
10/2/2025,7:35,289.00,0.00,0.00,0.00
10/2/2025,7:45,339.00,0.00,0.00,0.00
10/2/2025,7:50,399.00,0.00,0.00,0.00
10/2/2025,7:55,455.00,0.00,0.00,0.00
10/2/2025,8:00,234.00,0.00,0.00,0.00
10/2/2025,8:05,439.00,0.00,357.00,0.00
10/2/2025,8:10,417.00,40.00,458.00,0.00
10/2/2025,8:15,430.00,65.00,481.00,0.00
10/2/2025,8:20,589.00,119.00,551.00,0.00
10/2/2025,8:25,574.00,4.00,575.00,0.00
10/2/2025,8:30,638.00,0.00,439.00,0.00
10/2/2025,8:35,598.00,35.00,620.00,0.00
10/2/2025,8:40,533.00,0.00,490.00,0.00
10/2/2025,8:45,608.00,59.00,662.00,0.00
10/2/2025,8:50,0.00,0.00,554.00,0.00
10/2/2025,8:55,1003.00,0.00,567.00,0.00
10/2/2025,9:00,974.00,0.00,672.00,0.00
10/2/2025,9:05,1128.00,0.00,693.00,0.00
10/2/2025,9:10,994.00,0.00,736.00,0.00
10/2/2025,9:15,887.00,602.00,1135.00,0.00
10/2/2025,9:20,924.00,136.00,1071.00,0.00
10/2/2025,9:25,943.00,151.00,1075.00,0.00
10/2/2025,9:30,883.00,281.00,1146.00,0.00
10/2/2025,9:35,858.00,110.00,945.00,0.00
10/2/2025,9:40,757.00,233.00,967.00,0.00
10/2/2025,9:45,555.00,592.00,1113.00,0.00
10/2/2025,9:50,462.00,663.00,1082.00,0.00
10/2/2025,9:55,646.00,335.00,962.00,0.00
10/2/2025,10:00,627.00,664.00,1281.00,0.00
10/2/2025,10:05,884.00,705.00,1490.00,0.00
10/2/2025,10:10,817.00,316.00,1106.00,0.00
10/2/2025,10:15,7.00,0.00,0.00,0.00
10/2/2025,10:20,4.00,0.00,0.00,0.00
10/2/2025,10:25,4.00,0.00,0.00,0.00
10/2/2025,10:30,4.00,0.00,0.00,0.00
10/2/2025,10:35,6.00,0.00,0.00,0.00
10/2/2025,10:40,3.00,0.00,0.00,0.00
10/2/2025,10:45,503.00,0.00,0.00,0.00
10/2/2025,10:50,606.00,0.00,0.00,0.00
10/2/2025,10:55,609.00,0.00,0.00,0.00
10/2/2025,11:00,536.00,0.00,0.00,0.00
10/2/2025,11:05,497.00,0.00,0.00,0.00
10/2/2025,11:10,397.00,0.00,0.00,0.00
10/2/2025,11:15,348.00,0.00,0.00,0.00
10/2/2025,11:20,288.00,0.00,0.00,0.00
10/2/2025,11:25,116.50,0.00,0.00,0.00
10/2/2025,11:30,212.00,0.00,0.00,0.00
10/2/2025,11:35,312.00,0.00,0.00,0.00
10/2/2025,11:40,413.00,0.00,0.00,0.00
10/2/2025,11:45,638.00,0.00,0.00,0.00
10/2/2025,11:50,618.00,0.00,0.00,0.00
10/2/2025,11:55,684.00,0.00,0.00,0.00
10/2/2025,12:00,682.00,0.00,0.00,0.00
10/2/2025,12:05,706.00,0.00,0.00,0.00
10/2/2025,12:10,696.00,0.00,0.00,0.00
10/2/2025,12:15,694.00,0.00,0.00,0.00
10/2/2025,12:20,692.00,0.00,0.00,0.00
10/2/2025,12:25,802.00,0.00,0.00,0.00
10/2/2025,12:30,907.00,0.00,0.00,0.00
10/2/2025,12:35,925.00,0.00,0.00,0.00
10/2/2025,12:40,1046.00,0.00,0.00,0.00
10/2/2025,12:45,1078.00,0.00,0.00,0.00
10/2/2025,12:50,1123.00,0.00,0.00,0.00
10/2/2025,12:55,1265.00,0.00,0.00,0.00
10/2/2025,13:00,1491.00,0.00,0.00,0.00
10/2/2025,13:05,1734.00,0.00,0.00,0.00
10/2/2025,13:10,2319.00,0.00,0.00,0.00
10/2/2025,13:15,2015.00,0.00,0.00,0.00
10/2/2025,13:20,2740.00,0.00,0.00,0.00
10/2/2025,13:25,3210.00,0.00,0.00,0.00
10/2/2025,13:30,2315.00,0.00,0.00,0.00
10/2/2025,13:35,1761.00,0.00,0.00,0.00
10/2/2025,13:40,1589.00,0.00,0.00,0.00
10/2/2025,13:45,1507.00,0.00,0.00,0.00
10/2/2025,13:50,1354.00,0.00,0.00,0.00
10/2/2025,13:55,1290.00,0.00,0.00,0.00
10/2/2025,14:00,1212.00,0.00,525.00,0.00
10/2/2025,14:05,1388.00,0.00,100.00,0.00
10/2/2025,14:10,1461.00,0.00,341.00,0.00
10/2/2025,14:15,1624.00,0.00,522.00,0.00
10/2/2025,14:20,1679.00,0.00,561.00,0.00
10/2/2025,14:25,1740.00,0.00,591.00,0.00
10/2/2025,14:30,2032.00,0.00,862.00,0.00
10/2/2025,14:35,2273.00,0.00,817.00,0.00
10/2/2025,14:40,1970.00,0.00,768.00,0.00
10/2/2025,14:45,1708.00,0.00,768.00,0.00
10/2/2025,14:50,1606.00,0.00,711.00,0.00
10/2/2025,14:55,1417.00,0.00,782.00,0.00
10/2/2025,15:00,1317.00,0.00,895.00,0.00
10/2/2025,15:05,1313.00,0.00,806.00,0.00
10/2/2025,15:10,1263.00,0.00,793.00,0.00
10/2/2025,15:15,1326.00,0.00,769.00,0.00
10/2/2025,15:20,1423.00,0.00,880.00,0.00
10/2/2025,15:25,1429.00,0.00,942.00,0.00
10/2/2025,15:30,1388.00,0.00,944.00,0.00
10/2/2025,15:35,1421.00,0.00,939.00,0.00
10/2/2025,15:40,1214.00,0.00,964.00,0.00
10/2/2025,15:45,1027.00,0.00,937.00,0.00
10/2/2025,15:50,927.00,116.00,983.00,0.00
10/2/2025,15:55,853.00,207.00,965.00,0.00
10/2/2025,16:00,785.00,386.00,1093.00,0.00
10/2/2025,16:05,805.00,380.00,1096.00,0.00
10/2/2025,16:10,804.00,380.00,1102.00,0.00
10/2/2025,16:15,743.00,401.00,1059.00,0.00
10/2/2025,16:20,673.00,490.00,1068.00,0.00
10/2/2025,16:25,730.00,479.00,1118.00,0.00
10/2/2025,16:30,762.00,453.00,1133.00,0.00
10/2/2025,16:35,838.00,379.00,1137.00,0.00
10/2/2025,16:40,592.00,605.00,1125.00,0.00
10/2/2025,16:45,808.00,400.00,1130.00,0.00
10/2/2025,16:50,679.00,421.00,1014.00,0.00
10/2/2025,16:55,541.00,563.00,1034.00,
10/2/2025,17:00,386.00,725.00,1019.00,0.00
10/2/2025,17:05,376.00,761.00,1033.00,0.00
10/2/2025,17:10,352.00,751.00,1013.00,0.00
10/2/2025,17:15,310.00,777.00,988.00,0.00
10/2/2025,17:20,237.00,834.00,978.00,0.00
10/2/2025,17:25,169.00,823.00,904.00,0.00
10/2/2025,17:30,110.00,860.00,888.00,0.00
10/2/2025,17:35,173.00,797.00,890.00,0.00
10/2/2025,17:40,174.00,750.00,849.00,0.00
10/2/2025,17:45,144.00,781.00,847.00,0.00
10/2/2025,17:50,109.00,781.00,808.00,0.00
10/2/2025,17:55,70.00,896.00,871.00,0.00
10/2/2025,18:00,40.00,300.00,296.00,0.00
10/2/2025,18:05,30.00,126.00,105.00,0.00
10/2/2025,18:10,24.00,100.00,67.00,0.00
10/2/2025,18:15,13.00,110.00,66.00,0.00
10/2/2025,18:20,5.00,121.00,66.00,0.00
10/2/2025,18:25,1.00,126.00,66.00,0.00
10/2/2025,18:30,0.00,126.00,65.00,0.00
10/2/2025,18:35,1.00,121.00,64.00,0.00
10/2/2025,18:40,0.00,121.00,64.00,0.00
10/2/2025,18:45,0.00,126.00,64.00,0.00
10/2/2025,18:50,0.00,126.00,61.00,0.00
10/2/2025,18:55,0.00,121.00,63.00,0.00
10/2/2025,19:00,0.00,126.00,65.00,0.00
10/2/2025,19:05,0.00,121.00,62.00,0.00
10/2/2025,19:10,0.00,116.00,59.00,0.00
10/2/2025,19:15,0.00,116.00,59.00,0.00
10/2/2025,19:20,0.00,121.00,60.00,0.00
10/2/2025,19:25,0.00,121.00,63.00,0.00
10/2/2025,19:30,0.00,126.00,63.00,0.00
10/2/2025,19:35,0.00,121.00,58.00,0.00
10/2/2025,19:40,0.00,116.00,58.00,0.00
10/2/2025,19:45,0.00,121.00,62.00,0.00
10/2/2025,19:50,0.00,116.00,58.00,0.00
10/2/2025,19:55,0.00,105.00,48.00,0.00
10/2/2025,20:00,0.00,63.00,8.00,0.00
10/2/2025,20:05,0.00,63.00,5.00,0.00
10/2/2025,20:10,0.00,63.00,7.00,0.00
10/2/2025,20:15,0.00,63.00,7.00,0.00
10/2/2025,20:20,0.00,63.00,5.00,0.00
10/2/2025,20:25,0.00,63.00,6.00,0.00
10/2/2025,20:30,0.00,63.00,6.00,0.00
10/2/2025,20:35,0.00,63.00,6.00,0.00
10/2/2025,20:40,0.00,63.00,7.00,0.00
10/2/2025,20:45,0.00,63.00,6.00,0.00
10/2/2025,20:50,0.00,63.00,5.00,0.00
10/2/2025,20:55,0.00,29.00,2.50,0.00
10/2/2025,21:00,0.00,63.00,6.00,0.00
10/2/2025,21:05,0.00,63.00,8.00,0.00
10/2/2025,21:10,0.00,63.00,7.00,0.00
10/2/2025,21:15,0.00,63.00,6.00,0.00
10/2/2025,21:20,0.00,63.00,7.00,0.00
10/2/2025,21:25,0.00,63.00,6.00,0.00
10/2/2025,21:30,0.00,63.00,6.00,0.00
10/2/2025,21:35,0.00,63.00,5.00,0.00
10/2/2025,21:40,0.00,63.00,6.00,0.00
10/2/2025,21:45,0.00,63.00,4.00,0.00
10/2/2025,21:50,0.00,63.00,6.00,0.00
10/2/2025,21:55,0.00,63.00,6.00,0.00
10/2/2025,22:00,0.00,58.00,6.00,0.00
10/2/2025,22:05,0.00,63.00,7.00,0.00
10/2/2025,22:10,0.00,63.00,7.00,0.00
10/2/2025,22:15,0.00,63.00,7.00,0.00
10/2/2025,22:20,0.00,63.00,6.00,0.00
10/2/2025,22:25,0.00,63.00,6.00,0.00
10/2/2025,22:30,0.00,63.00,6.00,0.00
10/2/2025,22:35,0.00,63.00,5.00,0.00
10/2/2025,22:40,0.00,63.00,6.00,0.00
10/2/2025,22:45,0.00,63.00,6.00,0.00
10/2/2025,22:50,0.00,63.00,6.00,0.00
10/2/2025,22:55,0.00,63.00,5.00,0.00
10/2/2025,23:00,0.00,63.00,7.00,0.00
10/2/2025,23:05,0.00,63.00,6.00,0.00
10/2/2025,23:10,0.00,63.00,5.00,0.00
10/2/2025,23:15,0.00,63.00,6.00,0.00
10/2/2025,23:20,0.00,63.00,7.00,0.00
10/2/2025,23:25,0.00,63.00,6.00,0.00
10/2/2025,23:30,0.00,63.00,5.00,0.00
10/2/2025,23:35,0.00,63.00,5.00,0.00
10/2/2025,23:40,0.00,63.00,6.00,0.00
10/2/2025,23:45,0.00,63.00,5.00,0.00
10/2/2025,23:50,0.00,63.00,6.00,0.00
10/2/2025,23:55,0.00,63.00,6.00,0.00
10/3/2025,0:00,0.00,63.00,7.00,0.00
10/3/2025,0:05,0.00,63.00,7.00,0.00
10/3/2025,0:10,0.00,63.00,6.00,0.00
10/3/2025,0:15,0.00,63.00,5.00,0.00
10/3/2025,0:20,0.00,63.00,6.00,0.00
10/3/2025,0:25,0.00,63.00,6.00,0.00
10/3/2025,0:30,0.00,63.00,6.00,0.00
10/3/2025,0:35,0.00,63.00,6.00,0.00
10/3/2025,0:40,0.00,63.00,6.00,0.00
10/3/2025,0:45,0.00,63.00,7.00,0.00
10/3/2025,0:50,0.00,63.00,6.00,0.00
10/3/2025,0:55,0.00,63.00,5.00,0.00
10/3/2025,1:00,0.00,63.00,5.00,0.00
10/3/2025,1:05,0.00,63.00,5.00,0.00
10/3/2025,1:10,0.00,63.00,6.00,0.00
10/3/2025,1:15,0.00,57.00,6.00,0.00
10/3/2025,1:20,0.00,63.00,6.00,0.00
10/3/2025,1:25,0.00,57.00,6.00,0.00
10/3/2025,1:30,0.00,63.00,7.00,0.00
10/3/2025,1:35,0.00,63.00,6.00,0.00
10/3/2025,1:40,0.00,63.00,7.00,0.00
10/3/2025,1:45,0.00,63.00,5.00,0.00
10/3/2025,1:50,0.00,57.00,6.00,0.00
10/3/2025,1:55,0.00,63.00,5.00,0.00
10/3/2025,2:00,0.00,63.00,6.00,0.00
10/3/2025,2:05,0.00,63.00,5.00,0.00
10/3/2025,2:10,0.00,63.00,6.00,0.00
10/3/2025,2:15,0.00,63.00,4.00,0.00
10/3/2025,2:20,0.00,63.00,5.00,0.00
10/3/2025,2:25,0.00,63.00,6.00,0.00
10/3/2025,2:30,0.00,57.00,4.00,0.00
10/3/2025,2:35,0.00,57.00,6.00,0.00
10/3/2025,2:40,0.00,63.00,6.00,0.00
10/3/2025,2:45,0.00,57.00,5.00,0.00
10/3/2025,2:50,0.00,63.00,6.00,0.00
10/3/2025,2:55,0.00,63.00,5.00,0.00
10/3/2025,3:00,0.00,63.00,5.00,0.00
10/3/2025,3:05,0.00,57.00,5.00,0.00
10/3/2025,3:10,0.00,63.00,6.00,0.00
10/3/2025,3:15,0.00,63.00,6.00,0.00
10/3/2025,3:20,0.00,63.00,6.00,0.00
10/3/2025,3:25,0.00,63.00,6.00,0.00
10/3/2025,3:30,0.00,63.00,6.00,0.00
10/3/2025,3:35,0.00,63.00,6.00,0.00
10/3/2025,3:40,0.00,63.00,6.00,0.00
10/3/2025,3:45,0.00,63.00,7.00,0.00
10/3/2025,3:50,0.00,63.00,6.00,0.00
10/3/2025,3:55,0.00,63.00,6.00,0.00
10/3/2025,4:00,0.00,63.00,6.00,0.00
10/3/2025,4:05,0.00,63.00,5.00,0.00
10/3/2025,4:10,0.00,63.00,6.00,0.00
10/3/2025,4:15,0.00,63.00,6.00,0.00
10/3/2025,4:20,0.00,63.00,6.00,0.00
10/3/2025,4:25,0.00,63.00,6.00,0.00
10/3/2025,4:30,0.00,63.00,7.00,0.00
10/3/2025,4:35,0.00,31.50,2.50,0.00
10/3/2025,4:40,0.00,63.00,5.00,0.00
10/3/2025,4:45,0.00,63.00,7.00,0.00
10/3/2025,4:50,0.00,63.00,7.00,0.00
10/3/2025,4:55,0.00,63.00,6.00,0.00
10/3/2025,5:00,0.00,62.00,5.00,0.00
10/3/2025,5:05,0.00,62.00,7.00,0.00
10/3/2025,5:10,0.00,62.00,6.00,0.00
10/3/2025,5:15,0.00,62.00,6.00,0.00
10/3/2025,5:20,0.00,57.00,6.00,0.00
10/3/2025,5:25,0.00,62.00,6.00,0.00
10/3/2025,5:30,0.00,62.00,6.00,0.00
10/3/2025,5:35,0.00,62.00,5.00,0.00
10/3/2025,5:40,0.00,62.00,6.00,0.00
10/3/2025,5:45,0.00,62.00,7.00,0.00
10/3/2025,5:50,0.00,62.00,5.00,0.00
10/3/2025,5:55,0.00,62.00,5.00,0.00
10/3/2025,6:00,0.00,62.00,6.00,0.00
10/3/2025,6:05,0.00,62.00,6.00,0.00
10/3/2025,6:10,0.00,62.00,6.00,0.00
10/3/2025,6:15,0.00,62.00,7.00,0.00
10/3/2025,6:20,0.00,57.00,7.00,0.00
10/3/2025,6:25,1.00,57.00,6.00,0.00
10/3/2025,6:30,1.00,52.00,5.00,0.00
10/3/2025,6:35,10.00,52.00,6.00,0.00
10/3/2025,6:40,13.00,36.00,6.00,0.00
10/3/2025,6:45,18.00,26.00,6.00,0.00
10/3/2025,6:50,42.00,10.00,7.00,0.00
10/3/2025,6:55,39.00,5.00,5.00,0.00
10/3/2025,7:00,63.00,0.00,5.00,0.00
10/3/2025,7:05,82.00,0.00,5.00,0.00
10/3/2025,7:10,117.00,0.00,4.00,0.00
10/3/2025,7:15,133.00,0.00,6.00,0.00
10/3/2025,7:20,156.00,0.00,5.00,0.00
10/3/2025,7:25,183.00,36.00,177.00,0.00
10/3/2025,7:30,207.00,0.00,15.00,0.00
10/3/2025,7:35,217.00,0.00,15.00,0.00
10/3/2025,7:40,227.00,0.00,15.00,0.00
10/3/2025,7:45,245.00,0.00,15.00,0.00
10/3/2025,7:50,265.00,0.00,16.00,0.00
10/3/2025,7:55,279.00,0.00,56.00,0.00
10/3/2025,8:00,304.00,0.00,55.00,0.00
10/3/2025,8:05,305.00,0.00,90.00,0.00
10/3/2025,8:10,321.00,0.00,128.00,0.00
10/3/2025,8:15,337.00,0.00,199.00,0.00
10/3/2025,8:20,336.00,100.00,385.00,0.00
10/3/2025,8:25,347.00,247.00,547.00,0.00
10/3/2025,8:30,395.00,89.00,437.00,0.00
10/3/2025,8:35,419.00,131.00,497.00,0.00
10/3/2025,8:40,502.00,36.00,485.00,0.00
10/3/2025,8:45,585.00,57.00,534.00,0.00
10/3/2025,8:50,646.00,31.00,626.00,0.00
10/3/2025,8:55,594.00,47.00,599.00,0.00
10/3/2025,9:00,850.00,36.00,821.00,0.00
10/3/2025,9:05,851.00,52.00,833.00,0.00
10/3/2025,9:10,836.00,110.00,882.00,0.00
10/3/2025,9:15,648.00,104.00,688.00,0.00
10/3/2025,9:20,366.50,62.50,399.00,0.00
10/3/2025,9:25,861.00,15.00,794.00,0.00
10/3/2025,9:30,1160.00,0.00,810.00,0.00
10/3/2025,9:35,916.00,0.00,799.00,0.00
10/3/2025,9:40,866.00,21.00,814.00,0.00
10/3/2025,9:45,863.00,26.00,813.00,0.00
10/3/2025,9:50,812.00,83.00,838.00,0.00
10/3/2025,9:55,853.00,26.00,779.00,0.00
10/3/2025,10:00,864.00,15.00,791.00,0.00
10/3/2025,10:05,1079.00,0.00,809.00,0.00
10/3/2025,10:10,761.00,152.00,840.00,0.00
10/3/2025,10:15,618.00,277.00,802.00,0.00
10/3/2025,10:20,717.00,214.00,860.00,0.00
10/3/2025,10:25,855.00,62.00,860.00,0.00
10/3/2025,10:30,833.00,62.00,854.00,0.00
10/3/2025,10:35,825.00,89.00,840.00,0.00
10/3/2025,10:40,1145.00,231.00,1155.00,0.00
10/3/2025,10:45,1444.00,158.00,1409.00,0.00
10/3/2025,10:50,1302.00,0.00,763.00,0.00
10/3/2025,10:55,1441.00,0.00,758.00,0.00
10/3/2025,11:00,1679.00,0.00,763.00,0.00
10/3/2025,11:05,2136.00,0.00,776.00,0.00
10/3/2025,11:10,2226.00,0.00,778.00,0.00
10/3/2025,11:15,1986.00,0.00,751.00,0.00
10/3/2025,11:20,3235.00,0.00,762.00,0.00
10/3/2025,11:25,2108.00,0.00,1439.00,0.00
10/3/2025,11:30,2915.00,0.00,769.00,0.00
10/3/2025,11:35,2464.00,0.00,802.00,0.00
10/3/2025,11:40,2459.00,0.00,783.00,0.00
10/3/2025,11:45,2023.00,0.00,770.00,0.00
10/3/2025,11:50,2071.00,0.00,656.00,0.00
10/3/2025,11:55,1694.00,0.00,651.00,0.00
10/3/2025,12:00,1263.00,0.00,562.00,0.00
10/3/2025,12:05,1439.00,0.00,562.00,0.00
10/3/2025,12:10,1622.00,0.00,305.00,0.00
10/3/2025,12:15,2381.00,0.00,746.00,0.00
10/3/2025,12:20,1531.00,0.00,770.00,0.00
10/3/2025,12:25,1115.00,0.00,740.00,0.00
10/3/2025,12:30,932.00,0.00,703.00,0.00
10/3/2025,12:35,1267.00,0.00,708.00,0.00
10/3/2025,12:40,1493.00,0.00,696.00,0.00
10/3/2025,12:45,1103.00,0.00,701.00,0.00
10/3/2025,12:50,964.00,0.00,681.00,0.00
10/3/2025,12:55,1132.00,0.00,713.00,0.00
10/3/2025,13:00,1628.00,0.00,723.00,0.00
10/3/2025,13:05,1435.00,0.00,798.00,0.00
10/3/2025,13:10,1510.00,0.00,801.00,0.00
10/3/2025,13:15,1455.00,0.00,839.00,0.00
10/3/2025,13:20,1630.00,0.00,832.00,0.00
10/3/2025,13:25,1859.00,0.00,876.00,0.00
10/3/2025,13:30,3340.00,0.00,877.00,0.00
10/3/2025,13:35,3252.00,0.00,902.00,0.00
10/3/2025,13:40,1616.00,0.00,481.50,0.00
10/3/2025,13:45,3149.00,0.00,478.00,0.00
10/3/2025,13:50,3132.00,0.00,385.00,0.00
10/3/2025,13:55,3162.00,0.00,187.00,0.00
10/3/2025,14:00,3134.00,0.00,193.00,0.00
10/3/2025,14:05,2889.00,0.00,190.00,0.00
10/3/2025,14:10,3103.00,0.00,198.00,0.00
10/3/2025,14:15,3143.00,0.00,194.00,0.00
10/3/2025,14:20,3142.00,0.00,197.00,0.00
10/3/2025,14:25,3115.00,0.00,192.00,0.00
10/3/2025,14:30,3119.00,0.00,188.00,0.00
10/3/2025,14:35,3124.00,0.00,194.00,0.00
10/3/2025,14:40,3114.00,0.00,198.00,0.00
10/3/2025,14:45,2039.00,0.00,194.00,0.00
10/3/2025,14:50,3082.00,0.00,188.00,0.00
10/3/2025,14:55,3156.00,0.00,195.00,0.00
10/3/2025,15:00,534.00,0.00,193.00,0.00
10/3/2025,15:05,362.00,0.00,205.00,0.00
10/3/2025,15:10,307.00,0.00,203.00,0.00
10/3/2025,15:15,279.00,0.00,199.00,0.00
10/3/2025,15:20,274.00,0.00,203.00,0.00
10/3/2025,15:25,277.00,0.00,199.00,0.00
10/3/2025,15:30,275.00,0.00,202.00,0.00
10/3/2025,15:35,286.00,5.00,214.00,0.00
10/3/2025,15:40,275.00,0.00,214.00,0.00
10/3/2025,15:45,271.00,5.00,211.00,0.00
10/3/2025,15:50,270.00,5.00,207.00,0.00
10/3/2025,15:55,265.00,5.00,206.00,0.00
10/3/2025,16:00,270.00,5.00,208.00,0.00
10/3/2025,16:05,278.00,0.00,212.00,0.00
10/3/2025,16:10,277.00,0.00,207.00,0.00
10/3/2025,16:15,270.00,0.00,212.00,0.00
10/3/2025,16:20,268.00,5.00,200.00,0.00
10/3/2025,16:25,264.00,5.00,200.00,0.00
10/3/2025,16:30,268.00,5.00,196.00,0.00
10/3/2025,16:35,257.00,5.00,198.00,0.00
10/3/2025,16:40,281.00,5.00,214.00,0.00
10/3/2025,16:45,273.00,5.00,212.00,0.00
10/3/2025,16:50,279.00,0.00,211.00,0.00
10/3/2025,16:55,273.00,0.00,210.00,0.00
10/3/2025,17:00,275.00,5.00,207.00,0.00
10/3/2025,17:05,236.00,22.00,197.00,0.00
10/3/2025,17:10,233.00,22.00,189.00,0.00
10/3/2025,17:15,158.00,22.00,124.00,0.00
10/3/2025,17:20,170.00,16.00,122.00,0.00
10/3/2025,17:25,152.00,16.00,121.00,0.00
10/3/2025,17:30,175.00,22.00,131.00,0.00
10/3/2025,17:35,117.00,22.00,85.00,0.00
10/3/2025,17:40,79.00,16.00,47.00,0.00
10/3/2025,17:45,96.00,16.00,52.00,0.00
10/3/2025,17:50,90.00,16.00,50.00,0.00
10/3/2025,17:55,70.00,16.00,45.00,0.00
10/3/2025,18:00,78.00,16.00,48.00,0.00
10/3/2025,18:05,37.50,8.00,24.00,0.00
10/3/2025,18:10,102.00,21.00,52.00,0.00
10/3/2025,18:15,89.00,16.00,53.00,0.00
10/3/2025,18:20,55.00,43.00,46.00,0.00
10/3/2025,18:25,17.00,87.00,48.00,0.00
10/3/2025,18:30,9.00,102.00,47.00,0.00
10/3/2025,18:35,2.00,107.00,45.00,0.00
10/3/2025,18:40,0.00,107.00,47.00,0.00
10/3/2025,18:45,0.00,655.00,559.00,0.00
10/3/2025,18:50,0.00,595.00,506.00,0.00
10/3/2025,18:55,0.00,590.00,501.00,0.00
10/3/2025,19:00,0.00,595.00,502.00,0.00
10/3/2025,19:05,0.00,600.00,508.00,0.00
10/3/2025,19:10,0.00,595.00,507.00,0.00
10/3/2025,19:15,0.00,590.00,501.00,0.00
10/3/2025,19:20,0.00,584.00,501.00,0.00
10/3/2025,19:25,0.00,579.00,496.00,0.00
10/3/2025,19:30,0.00,574.00,490.00,0.00
10/3/2025,19:35,0.00,569.00,486.00,0.00
10/3/2025,19:40,0.00,569.00,488.00,0.00
10/3/2025,19:45,0.00,223.00,160.00,0.00
10/3/2025,19:50,0.00,181.00,121.00,0.00
10/3/2025,19:55,0.00,128.00,73.00,0.00
10/3/2025,20:00,0.00,128.00,75.00,0.00
10/3/2025,20:05,0.00,128.00,74.00,0.00
10/3/2025,20:10,0.00,128.00,76.00,0.00
10/3/2025,20:15,0.00,128.00,73.00,0.00
10/3/2025,20:20,0.00,128.00,76.00,0.00
10/3/2025,20:25,0.00,128.00,74.00,0.00
10/3/2025,20:30,0.00,128.00,75.00,0.00
10/3/2025,20:35,0.00,128.00,74.00,0.00
10/3/2025,20:40,0.00,122.00,68.00,0.00
10/3/2025,20:45,0.00,122.00,68.00,0.00
10/3/2025,20:50,0.00,122.00,69.00,0.00
10/3/2025,20:55,0.00,122.00,67.00,0.00
10/3/2025,21:00,0.00,96.00,43.00,0.00
10/3/2025,21:05,0.00,96.00,42.00,0.00
10/3/2025,21:10,0.00,96.00,44.00,0.00
10/3/2025,21:15,0.00,96.00,44.00,0.00
10/3/2025,21:20,0.00,96.00,43.00,0.00
10/3/2025,21:25,0.00,96.00,44.00,0.00
10/3/2025,21:30,0.00,96.00,43.00,0.00
10/3/2025,21:35,0.00,96.00,42.00,0.00
10/3/2025,21:40,0.00,96.00,43.00,0.00
10/3/2025,21:45,0.00,96.00,44.00,0.00
10/3/2025,21:50,0.00,96.00,42.00,0.00
10/3/2025,21:55,0.00,96.00,42.00,0.00
10/3/2025,22:00,0.00,96.00,43.00,0.00
10/3/2025,22:05,0.00,96.00,43.00,0.00
10/3/2025,22:10,0.00,101.00,43.00,0.00
10/3/2025,22:15,0.00,101.00,44.00,0.00
10/3/2025,22:20,0.00,96.00,43.00,0.00
10/3/2025,22:25,0.00,96.00,43.00,0.00
10/3/2025,22:30,0.00,96.00,42.00,0.00
10/3/2025,22:35,0.00,96.00,42.00,0.00
10/3/2025,22:40,0.00,96.00,42.00,0.00
10/3/2025,22:45,0.00,96.00,42.00,0.00
10/3/2025,22:50,0.00,96.00,44.00,0.00
10/3/2025,22:55,0.00,96.00,42.00,0.00
10/3/2025,23:00,0.00,96.00,43.00,0.00
10/3/2025,23:05,0.00,96.00,43.00,0.00
10/3/2025,23:10,0.00,96.00,42.00,0.00
10/3/2025,23:15,0.00,96.00,42.00,0.00
10/3/2025,23:20,0.00,96.00,43.00,0.00
10/3/2025,23:25,0.00,101.00,42.00,0.00
10/3/2025,23:30,0.00,96.00,43.00,0.00
10/3/2025,23:35,0.00,101.00,43.00,0.00
10/3/2025,23:40,0.00,96.00,43.00,0.00
10/3/2025,23:45,0.00,96.00,42.00,0.00
10/3/2025,23:50,0.00,96.00,43.00,0.00
10/3/2025,23:55,0.00,96.00,44.00,0.00
10/4/2025,0:05,0.00,101.00,43.00,0.00
10/4/2025,0:10,0.00,96.00,44.00,0.00
10/4/2025,0:15,0.00,96.00,43.00,0.00
10/4/2025,0:20,0.00,96.00,43.00,0.00
10/4/2025,0:25,0.00,96.00,43.00,0.00
10/4/2025,0:30,0.00,96.00,43.00,0.00
10/4/2025,0:35,0.00,96.00,43.00,0.00
10/4/2025,0:40,0.00,96.00,42.00,0.00
10/4/2025,0:45,0.00,96.00,43.00,0.00
10/4/2025,0:50,0.00,96.00,43.00,0.00
10/4/2025,0:55,0.00,96.00,42.00,0.00
10/4/2025,1:00,0.00,101.00,42.00,0.00
10/4/2025,1:05,0.00,96.00,43.00,0.00
10/4/2025,1:10,0.00,96.00,42.00,0.00
10/4/2025,1:15,0.00,96.00,43.00,0.00
10/4/2025,1:20,0.00,101.00,44.00,0.00
10/4/2025,1:25,0.00,96.00,43.00,0.00
10/4/2025,1:30,0.00,96.00,44.00,0.00
10/4/2025,1:35,0.00,96.00,43.00,0.00
10/4/2025,1:40,0.00,96.00,43.00,0.00
10/4/2025,1:45,0.00,96.00,43.00,0.00
10/4/2025,1:50,0.00,96.00,43.00,0.00
10/4/2025,1:55,0.00,96.00,44.00,0.00
10/4/2025,2:00,0.00,96.00,44.00,0.00
10/4/2025,2:05,0.00,96.00,44.00,0.00
10/4/2025,2:10,0.00,96.00,44.00,0.00
10/4/2025,2:15,0.00,96.00,44.00,0.00
10/4/2025,2:20,0.00,96.00,43.00,0.00
10/4/2025,2:25,0.00,96.00,42.00,0.00
10/4/2025,2:30,0.00,96.00,42.00,0.00
10/4/2025,2:35,0.00,96.00,43.00,0.00
10/4/2025,2:40,0.00,96.00,42.00,0.00
10/4/2025,2:45,0.00,96.00,43.00,0.00
10/4/2025,2:50,0.00,96.00,43.00,0.00
10/4/2025,2:55,0.00,96.00,43.00,0.00
10/4/2025,3:00,0.00,101.00,45.00,0.00
10/4/2025,3:05,0.00,96.00,43.00,0.00
10/4/2025,3:10,0.00,96.00,41.00,0.00
10/4/2025,3:15,0.00,96.00,43.00,0.00
10/4/2025,3:20,0.00,96.00,43.00,0.00
10/4/2025,3:25,0.00,96.00,42.00,0.00
10/4/2025,3:30,0.00,96.00,42.00,0.00
10/4/2025,3:35,0.00,96.00,42.00,0.00
10/4/2025,3:40,0.00,96.00,43.00,0.00
10/4/2025,3:45,0.00,96.00,44.00,0.00
10/4/2025,3:50,0.00,96.00,43.00,0.00
10/4/2025,3:55,0.00,96.00,42.00,0.00
10/4/2025,4:00,0.00,101.00,44.00,0.00
10/4/2025,4:05,0.00,96.00,44.00,0.00
10/4/2025,4:10,0.00,48.00,21.00,0.00
10/4/2025,4:15,0.00,96.00,42.00,0.00
10/4/2025,4:20,0.00,96.00,43.00,0.00
10/4/2025,4:25,0.00,96.00,42.00,0.00
10/4/2025,4:30,0.00,96.00,44.00,0.00
10/4/2025,4:35,0.00,48.00,21.50,0.00
10/4/2025,4:40,0.00,96.00,43.00,0.00
10/4/2025,4:45,0.00,96.00,43.00,0.00
10/4/2025,4:50,0.00,96.00,43.00,0.00
10/4/2025,4:55,0.00,96.00,43.00,0.00
10/4/2025,5:00,0.00,96.00,43.00,0.00
10/4/2025,5:05,0.00,96.00,43.00,0.00
10/4/2025,5:10,0.00,96.00,42.00,0.00
10/4/2025,5:15,0.00,96.00,43.00,0.00
10/4/2025,5:20,0.00,96.00,44.00,0.00
10/4/2025,5:25,0.00,96.00,43.00,0.00
10/4/2025,5:30,0.00,96.00,44.00,0.00
10/4/2025,5:35,0.00,96.00,43.00,0.00
10/4/2025,5:40,0.00,96.00,43.00,0.00
10/4/2025,5:45,0.00,96.00,42.00,0.00
10/4/2025,5:50,0.00,96.00,44.00,0.00
10/4/2025,5:55,0.00,96.00,44.00,0.00
10/4/2025,6:00,0.00,90.00,42.00,0.00
10/4/2025,6:05,0.00,96.00,42.00,0.00
10/4/2025,6:10,0.00,96.00,43.00,0.00
10/4/2025,6:15,0.00,96.00,42.00,0.00
10/4/2025,6:20,0.00,90.00,42.00,0.00
10/4/2025,6:25,4.00,85.00,43.00,0.00
10/4/2025,6:30,7.00,80.00,43.00,0.00
10/4/2025,6:35,16.00,69.00,42.00,0.00
10/4/2025,6:40,36.00,48.00,43.00,0.00
10/4/2025,6:45,63.00,21.00,43.00,0.00
10/4/2025,6:50,70.00,5.00,43.00,0.00
10/4/2025,6:55,89.00,5.00,42.00,0.00
10/4/2025,7:00,109.00,0.00,43.00,0.00
10/4/2025,7:05,153.00,0.00,42.00,0.00
10/4/2025,7:10,270.00,0.00,41.00,0.00
10/4/2025,7:15,213.00,0.00,42.00,0.00
10/4/2025,7:20,234.00,0.00,42.00,0.00
10/4/2025,7:25,243.00,0.00,42.00,0.00
10/4/2025,7:30,251.00,0.00,42.00,0.00
10/4/2025,7:35,342.00,16.00,311.00,0.00
10/4/2025,7:40,433.00,0.00,312.00,0.00
10/4/2025,7:45,515.00,0.00,398.00,0.00
10/4/2025,7:50,544.00,0.00,430.00,0.00
10/4/2025,7:55,486.00,0.00,404.00,0.00
10/4/2025,8:00,418.00,256.00,617.00,0.00
10/4/2025,8:05,513.00,213.00,664.00,0.00
10/4/2025,8:10,698.00,16.00,668.00,0.00
10/4/2025,8:15,702.00,48.00,660.00,0.00
10/4/2025,8:20,648.00,112.00,697.00,0.00
10/4/2025,8:25,642.00,16.00,607.00,0.00
10/4/2025,8:30,689.00,10.00,648.00,0.00
10/4/2025,8:35,675.00,21.00,686.00,0.00
10/4/2025,8:40,663.00,96.00,702.00,0.00
10/4/2025,8:45,610.00,197.00,755.00,0.00
10/4/2025,8:50,770.00,53.00,767.00,0.00
10/4/2025,8:55,704.00,111.00,748.00,0.00
10/4/2025,9:00,718.00,58.00,705.00,0.00
10/4/2025,9:05,708.00,64.00,734.00,0.00
10/4/2025,9:10,813.00,10.00,762.00,0.00
10/4/2025,9:20,308.00,114.00,390.00,0.00
10/4/2025,9:25,637.00,175.00,747.00,0.00
10/4/2025,9:30,740.00,79.00,750.00,0.00
10/4/2025,9:35,809.00,53.00,800.00,0.00
10/4/2025,9:40,821.00,37.00,793.00,0.00
10/4/2025,9:45,875.00,96.00,795.00,0.00
10/4/2025,9:50,872.00,16.00,826.00,0.00
10/4/2025,9:55,880.00,16.00,808.00,0.00
10/4/2025,10:00,1274.00,0.00,762.00,0.00
10/4/2025,10:05,1201.00,0.00,736.00,0.00
10/4/2025,10:10,890.00,0.00,732.00,0.00
10/4/2025,10:15,739.00,32.00,704.00,0.00
10/4/2025,10:20,1151.00,0.00,695.00,0.00
10/4/2025,10:25,1243.00,0.00,703.00,0.00
10/4/2025,10:30,1328.00,0.00,700.00,0.00
10/4/2025,10:35,1639.00,0.00,732.00,0.00
10/4/2025,10:40,1676.00,0.00,729.00,0.00
10/4/2025,10:45,2077.00,0.00,698.00,0.00
10/4/2025,10:50,2105.00,0.00,681.00,0.00
10/4/2025,10:55,2549.00,0.00,664.00,0.00
10/4/2025,11:00,1473.00,0.00,787.00,0.00
10/4/2025,11:05,3112.00,0.00,659.00,0.00
10/4/2025,11:10,1821.00,0.00,642.00,0.00
10/4/2025,11:15,1666.00,0.00,473.00,0.00
10/4/2025,11:20,1354.00,0.00,474.00,0.00
10/4/2025,11:25,1288.00,0.00,471.00,0.00
10/4/2025,11:30,2903.00,0.00,469.00,0.00
10/4/2025,11:35,1214.00,0.00,547.00,0.00
10/4/2025,11:40,3033.00,0.00,529.00,0.00
10/4/2025,11:45,3077.00,0.00,498.00,0.00
10/4/2025,11:50,3034.00,0.00,503.00,0.00
10/4/2025,11:55,575.00,0.00,501.00,0.00
10/4/2025,12:00,636.00,0.00,502.00,0.00
10/4/2025,12:05,609.00,0.00,505.00,0.00
10/4/2025,12:10,583.00,0.00,498.00,0.00
10/4/2025,12:15,609.00,0.00,527.00,0.00
10/4/2025,12:20,569.00,0.00,497.00,0.00
10/4/2025,12:25,491.00,0.00,420.00,0.00
10/4/2025,12:30,494.00,5.00,423.00,0.00
10/4/2025,12:35,624.00,5.00,549.00,0.00
10/4/2025,12:40,696.00,16.00,647.00,0.00
10/4/2025,12:45,828.00,0.00,750.00,0.00
10/4/2025,12:50,754.00,5.00,688.00,0.00
10/4/2025,12:55,774.00,5.00,702.00,0.00
10/4/2025,13:00,780.00,5.00,722.00,0.00
10/4/2025,13:05,929.00,5.00,833.00,0.00
10/4/2025,13:10,931.00,0.00,864.00,0.00
10/4/2025,13:15,940.00,0.00,832.00,0.00
10/4/2025,13:20,888.00,0.00,804.00,0.00
10/4/2025,13:25,846.00,5.00,750.00,0.00
10/4/2025,13:30,775.00,0.00,704.00,0.00
10/4/2025,13:35,744.00,5.00,679.00,0.00
10/4/2025,13:40,393.00,5.00,315.00,0.00
10/4/2025,13:45,396.00,5.00,339.00,0.00
10/4/2025,13:50,292.00,5.00,238.00,0.00
10/4/2025,13:55,365.00,5.00,296.00,0.00
10/4/2025,14:05,253.00,16.00,212.00,0.00
10/4/2025,14:10,258.00,22.00,211.00,0.00
10/4/2025,14:15,260.00,16.00,210.00,0.00
10/4/2025,14:20,246.00,22.00,211.00,0.00
10/4/2025,14:25,243.00,22.00,208.00,0.00
10/4/2025,14:30,250.00,22.00,207.00,0.00
10/4/2025,14:35,94.00,16.00,46.00,0.00
10/4/2025,14:40,197.00,16.00,156.00,0.00
10/4/2025,14:45,204.00,16.00,155.00,0.00
10/4/2025,14:50,201.00,16.00,156.00,0.00
10/4/2025,14:55,200.00,16.00,156.00,0.00
10/4/2025,15:00,197.00,16.00,156.00,0.00
10/4/2025,15:05,192.00,16.00,156.00,0.00
10/4/2025,15:10,194.00,16.00,155.00,0.00
10/4/2025,15:15,197.00,16.00,153.00,0.00
10/4/2025,15:20,137.00,16.00,89.00,0.00
10/4/2025,15:25,125.00,16.00,87.00,0.00
10/4/2025,15:30,75.00,16.00,50.00,0.00
10/4/2025,15:35,86.00,16.00,49.00,0.00
10/4/2025,15:40,92.00,16.00,57.00,0.00
10/4/2025,15:45,88.00,16.00,48.00,0.00
10/4/2025,15:50,147.00,16.00,111.00,0.00
10/4/2025,15:55,163.00,16.00,120.00,0.00
10/4/2025,16:00,98.00,16.00,60.00,0.00
10/4/2025,16:05,107.00,16.00,61.00,0.00
10/4/2025,16:10,106.00,16.00,67.00,0.00
10/4/2025,16:15,172.00,21.00,129.00,0.00
10/4/2025,16:20,168.00,16.00,126.00,0.00
10/4/2025,16:25,168.00,16.00,127.00,0.00
10/4/2025,16:30,162.00,21.00,126.00,0.00
10/4/2025,16:35,163.00,16.00,125.00,0.00
10/4/2025,16:40,168.00,16.00,126.00,0.00
10/4/2025,16:45,156.00,16.00,126.00,0.00
10/4/2025,16:50,185.00,0.00,122.00,0.00
10/4/2025,16:55,114.00,0.00,45.00,0.00
10/4/2025,17:00,105.00,5.00,45.00,0.00
10/4/2025,17:05,1155.00,5.00,1079.00,0.00
10/4/2025,17:10,1175.00,5.00,1087.00,0.00
10/4/2025,17:15,579.00,418.00,900.00,0.00
10/4/2025,17:20,845.00,5.00,776.00,0.00
10/4/2025,17:25,831.00,22.00,775.00,0.00
10/4/2025,17:30,879.00,22.00,821.00,0.00
10/4/2025,17:35,898.00,22.00,830.00,0.00
10/4/2025,17:40,667.00,225.00,802.00,0.00
10/4/2025,17:45,686.00,198.00,803.00,0.00
10/4/2025,17:50,1169.00,0.00,729.00,0.00
10/4/2025,17:55,936.00,0.00,777.00,0.00
10/4/2025,18:00,680.00,212.00,794.00,0.00
10/4/2025,18:05,302.00,652.00,858.00,0.00
10/4/2025,18:10,259.00,669.00,843.00,0.00
10/4/2025,18:15,127.00,822.00,842.00,0.00
10/4/2025,18:20,45.00,875.00,826.00,0.00
10/4/2025,18:25,12.00,902.00,814.00,0.00
10/4/2025,18:30,7.00,912.00,817.00,0.00
10/4/2025,18:35,1.00,991.00,877.00,0.00
10/4/2025,18:40,0.00,965.00,866.00,0.00
10/4/2025,18:45,0.00,933.00,828.00,0.00
10/4/2025,18:50,0.00,959.00,847.00,0.00
10/4/2025,18:55,0.00,959.00,854.00,0.00
10/4/2025,19:00,0.00,949.00,838.00,0.00
10/4/2025,19:05,0.00,859.00,759.00,0.00
10/4/2025,19:10,0.00,833.00,737.00,0.00
10/4/2025,19:15,0.00,822.00,724.00,0.00
10/4/2025,19:20,0.00,743.00,649.00,0.00
10/4/2025,19:25,0.00,717.00,627.00,0.00
10/4/2025,19:30,0.00,711.00,625.00,0.00
10/4/2025,19:35,0.00,330.00,264.00,0.00
10/4/2025,19:40,0.00,341.00,274.00,0.00
10/4/2025,19:45,0.00,277.00,213.00,0.00
10/4/2025,19:50,0.00,277.00,216.00,0.00
10/4/2025,19:55,0.00,271.00,204.00,0.00
10/4/2025,20:00,0.00,255.00,196.00,0.00
10/4/2025,20:05,0.00,266.00,200.00,0.00
10/4/2025,20:10,0.00,165.00,108.00,0.00
10/4/2025,20:15,0.00,165.00,106.00,0.00
10/4/2025,20:20,0.00,165.00,109.00,0.00
10/4/2025,20:25,0.00,165.00,106.00,0.00
10/4/2025,20:30,0.00,165.00,108.00,0.00
10/4/2025,20:35,0.00,165.00,107.00,0.00
10/4/2025,20:40,0.00,170.00,107.00,0.00
10/4/2025,20:45,0.00,170.00,109.00,0.00
10/4/2025,20:50,0.00,165.00,106.00,0.00
10/4/2025,20:55,0.00,165.00,106.00,0.00
10/4/2025,21:00,0.00,287.00,231.00,0.00
10/4/2025,21:05,0.00,170.00,107.00,0.00
10/4/2025,21:10,0.00,138.00,83.00,0.00
10/4/2025,21:15,0.00,138.00,82.00,0.00
10/4/2025,21:20,0.00,138.00,83.00,0.00
10/4/2025,21:25,0.00,144.00,84.00,0.00
10/4/2025,21:30,0.00,138.00,82.00,0.00
10/4/2025,21:35,0.00,138.00,82.00,0.00
10/4/2025,21:40,0.00,144.00,82.00,0.00
10/4/2025,21:45,0.00,138.00,83.00,0.00
10/4/2025,21:50,0.00,144.00,84.00,0.00
10/4/2025,21:55,0.00,138.00,81.00,0.00
10/4/2025,22:00,0.00,138.00,80.00,0.00
10/4/2025,22:05,0.00,138.00,82.00,0.00
10/4/2025,22:10,0.00,138.00,82.00,0.00
10/4/2025,22:15,0.00,138.00,82.00,0.00
10/4/2025,22:20,0.00,138.00,83.00,0.00
10/4/2025,22:25,0.00,138.00,81.00,0.00
10/4/2025,22:30,0.00,138.00,81.00,0.00
10/4/2025,22:35,0.00,138.00,83.00,0.00
10/4/2025,22:40,0.00,138.00,82.00,0.00
10/4/2025,22:45,0.00,138.00,82.00,0.00
10/4/2025,22:50,0.00,138.00,82.00,0.00
10/4/2025,22:55,0.00,138.00,83.00,0.00
10/4/2025,22:30,0.00,138.00,81.00,0.00
10/4/2025,22:35,0.00,138.00,83.00,0.00
10/4/2025,22:40,0.00,138.00,82.00,0.00
10/4/2025,22:45,0.00,138.00,82.00,0.00
10/4/2025,22:50,0.00,138.00,82.00,0.00
10/4/2025,22:55,0.00,138.00,83.00,0.00
10/4/2025,23:00,0.00,144.00,82.00,0.00
10/4/2025,23:05,0.00,138.00,81.00,0.00
10/4/2025,23:10,0.00,138.00,82.00,0.00
10/4/2025,23:15,0.00,138.00,83.00,0.00
10/4/2025,23:20,0.00,138.00,82.00,0.00
10/4/2025,23:25,0.00,138.00,82.00,0.00
10/4/2025,23:30,0.00,138.00,82.00,0.00
10/4/2025,23:35,0.00,144.00,83.00,0.00
10/4/2025,23:40,0.00,138.00,82.00,0.00
10/4/2025,23:45,0.00,138.00,83.00,0.00
10/4/2025,23:50,0.00,138.00,84.00,0.00
10/4/2025,23:55,0.00,138.00,82.00,0.00
